group,group_key,entity_id,entity_curie,entity_name,domain,merge_step,merge_key,x_index,primekg_id,primekg_type,primekg_name,premerge_curie,nn_preferred,anchor,rows,rows_by_relation,shared_with_anchor,jaccard_with_anchor,group_rows_lost,group_lost_by_relation,group_rows_restored_if_only_this_split,group_self_loop_rows,verdict,partition,rules,reason,basis
1,63373+129373,170810,UBERON:468,multicellular organism,anatomy,backfill: one CURIE hint for all members,every member carries the same PrimeKG id UBERON:468,63373,UBERON:468,anatomy,multicellular organism,UBERON:468,,yes,28,anatomy_anatomy 28,,,0,,0,0,same,63373+129373,J0,One UBERON id (UBERON:468) under two PrimeKG names: multicellular organism / multi-cellular organism,name the entity carries
1,63373+129373,170810,UBERON:468,multicellular organism,anatomy,backfill: one CURIE hint for all members,every member carries the same PrimeKG id UBERON:468,129373,UBERON:468,anatomy,multi-cellular organism,UBERON:468,,,34710,"anatomy_protein_present 34,710",0,0.000,0,,0,0,same,63373+129373,J0,One UBERON id (UBERON:468) under two PrimeKG names: multicellular organism / multi-cellular organism,J0: same id
2,63461+129374,170926,UBERON:992,ovary,anatomy,backfill: one CURIE hint for all members,every member carries the same PrimeKG id UBERON:992,63461,UBERON:992,anatomy,ovary,UBERON:992,,yes,4,anatomy_anatomy 4,,,0,,0,0,same,63461+129374,J0,One UBERON id (UBERON:992) under two PrimeKG names: ovary / female gonad,name the entity carries
2,63461+129374,170926,UBERON:992,ovary,anatomy,backfill: one CURIE hint for all members,every member carries the same PrimeKG id UBERON:992,129374,UBERON:992,anatomy,female gonad,UBERON:992,,,31684,"anatomy_protein_present 31,682; anatomy_protein_absent 2",0,0.000,0,,0,0,same,63461+129374,J0,One UBERON id (UBERON:992) under two PrimeKG names: ovary / female gonad,J0: same id
3,29018+38696,117498,MONDO:31178,monosomy 7 myelodysplasia and leukemia syndrome,disease,apply_canonical_entity_merges pass 2: name match,"same name, same domain; Node Normalizer knows none of MONDO_grouped:9646_30801, MONDO:31178",29018,MONDO_grouped:9646_30801,disease,Monosomy 7 myelodysplasia and leukemia syndrome,MONDO_grouped:9646_30801,,yes,24,disease_phenotype_positive 22; disease_disease 2,,,2,disease_disease 2,2,2,distinct,29018 | 38696,evidence,"MONDO:0031178 is the parent syndrome; the other node is PrimeKG's grouping of its subtypes 1 and 2 (MONDO:0009646, MONDO:0030801). PrimeKG links the two with a disease_disease edge, which the merge deleted as a self-loop",evidence: grouped subtypes 1 and 2
3,29018+38696,117498,MONDO:31178,monosomy 7 myelodysplasia and leukemia syndrome,disease,apply_canonical_entity_merges pass 2: name match,"same name, same domain; Node Normalizer knows none of MONDO_grouped:9646_30801, MONDO:31178",38696,MONDO:31178,disease,monosomy 7 myelodysplasia and leukemia syndrome,MONDO:31178,,,4,disease_disease 4,0,0.000,2,disease_disease 2,2,2,distinct,29018 | 38696,evidence,"MONDO:0031178 is the parent syndrome; the other node is PrimeKG's grouping of its subtypes 1 and 2 (MONDO:0009646, MONDO:0030801). PrimeKG links the two with a disease_disease edge, which the merge deleted as a self-loop",parent term
4,14020+14038+14040,79509,CHEBI:5134,Fluticasone propionate,drug,apply_canonical_entity_merges pass 1: Node Normalizer,"Node Normalizer gives DrugBank:DB00588, DrugBank:DB08906, DrugBank:DB13867 one preferred CURIE, CHEBI:5134 ('Fluticasone')",14020,DrugBank:DB00588,drug,Fluticasone propionate,DrugBank:DB00588,CHEBI:5134,yes,3722,"drug_drug 3,522; contraindication 136; indication 40; enzyme 8; target 8; carrier 4; transporter 4",,,4802,"drug_drug 4,670; drug_effect 40; contraindication 36; enzyme 16; target 14; carrier 10; indication 8; transporter 8",4572,6,distinct,14020 | 14038 | 14040,J2,"Fluticasone and two different esters of it (propionate, furoate), each its own approved DrugBank drug",ester (propionate)
4,14020+14038+14040,79509,CHEBI:5134,Fluticasone propionate,drug,apply_canonical_entity_merges pass 1: Node Normalizer,"Node Normalizer gives DrugBank:DB00588, DrugBank:DB08906, DrugBank:DB13867 one preferred CURIE, CHEBI:5134 ('Fluticasone')",14038,DrugBank:DB08906,drug,Fluticasone furoate,DrugBank:DB08906,CHEBI:5134,,2452,"drug_drug 2,332; drug_effect 50; contraindication 36; indication 10; enzyme 8; carrier 6; target 6; transporter 4",1188,0.626,4802,"drug_drug 4,670; drug_effect 40; contraindication 36; enzyme 16; target 14; carrier 10; indication 8; transporter 8",4572,6,distinct,14020 | 14038 | 14040,J2,"Fluticasone and two different esters of it (propionate, furoate), each its own approved DrugBank drug",J2: a different ester (furoate)
4,14020+14038+14040,79509,CHEBI:5134,Fluticasone propionate,drug,apply_canonical_entity_merges pass 1: Node Normalizer,"Node Normalizer gives DrugBank:DB00588, DrugBank:DB08906, DrugBank:DB13867 one preferred CURIE, CHEBI:5134 ('Fluticasone')",14040,DrugBank:DB13867,drug,Fluticasone,DrugBank:DB13867,CHEBI:5134,,2438,"drug_drug 2,274; drug_effect 138; enzyme 8; target 8; carrier 6; transporter 4",1138,0.586,4802,"drug_drug 4,670; drug_effect 40; contraindication 36; enzyme 16; target 14; carrier 10; indication 8; transporter 8",4572,6,distinct,14020 | 14038 | 14040,J2,"Fluticasone and two different esters of it (propionate, furoate), each its own approved DrugBank drug",J2: the parent
5,14028+14041+14042+14043+14044+14046+14047,79517,CHEBI:17650,Hydrocortisone,drug,apply_canonical_entity_merges pass 1: Node Normalizer,"Node Normalizer gives DrugBank:DB00741, DrugBank:DB14538, DrugBank:DB14539, DrugBank:DB14540, DrugBank:DB14541, DrugBank:DB14543, DrugBank:DB14544 one preferred CURIE, CHEBI:17650 ('Hydrocortisone')",14028,DrugBank:DB00741,drug,Hydrocortisone,DrugBank:DB00741,CHEBI:17650,yes,3016,"drug_drug 2,318; indication 278; contraindication 180; drug_effect 178; enzyme 30; off-label use 18; transporter 6; carrier 4; target 4",,,7234,"drug_drug 6,678; indication 192; contraindication 170; enzyme 64; transporter 46; target 44; carrier 24; drug_effect 12; off-label use 4",6932,12,distinct,14028 | 14041 | 14042 | 14043 | 14044 | 14046 | 14047,J2,"Hydrocortisone and six esters of it (aceponate, acetate, butyrate, cypionate, probutate, valerate)",parent
5,14028+14041+14042+14043+14044+14046+14047,79517,CHEBI:17650,Hydrocortisone,drug,apply_canonical_entity_merges pass 1: Node Normalizer,"Node Normalizer gives DrugBank:DB00741, DrugBank:DB14538, DrugBank:DB14539, DrugBank:DB14540, DrugBank:DB14541, DrugBank:DB14543, DrugBank:DB14544 one preferred CURIE, CHEBI:17650 ('Hydrocortisone')",14041,DrugBank:DB14538,drug,Hydrocortisone aceponate,DrugBank:DB14538,CHEBI:17650,,302,drug_drug 274; enzyme 8; target 8; transporter 8; carrier 4,148,0.098,7234,"drug_drug 6,678; indication 192; contraindication 170; enzyme 64; transporter 46; target 44; carrier 24; drug_effect 12; off-label use 4",6932,12,distinct,14028 | 14041 | 14042 | 14043 | 14044 | 14046 | 14047,J2,"Hydrocortisone and six esters of it (aceponate, acetate, butyrate, cypionate, probutate, valerate)",J2: ester
5,14028+14041+14042+14043+14044+14046+14047,79517,CHEBI:17650,Hydrocortisone,drug,apply_canonical_entity_merges pass 1: Node Normalizer,"Node Normalizer gives DrugBank:DB00741, DrugBank:DB14538, DrugBank:DB14539, DrugBank:DB14540, DrugBank:DB14541, DrugBank:DB14543, DrugBank:DB14544 one preferred CURIE, CHEBI:17650 ('Hydrocortisone')",14042,DrugBank:DB14539,drug,Hydrocortisone acetate,DrugBank:DB14539,CHEBI:17650,,2604,"drug_drug 2,198; indication 192; contraindication 170; enzyme 12; off-label use 12; target 8; transporter 8; carrier 4",1152,0.695,7234,"drug_drug 6,678; indication 192; contraindication 170; enzyme 64; transporter 46; target 44; carrier 24; drug_effect 12; off-label use 4",6932,12,distinct,14028 | 14041 | 14042 | 14043 | 14044 | 14046 | 14047,J2,"Hydrocortisone and six esters of it (aceponate, acetate, butyrate, cypionate, probutate, valerate)",J2: ester
5,14028+14041+14042+14043+14044+14046+14047,79517,CHEBI:17650,Hydrocortisone,drug,apply_canonical_entity_merges pass 1: Node Normalizer,"Node Normalizer gives DrugBank:DB00741, DrugBank:DB14538, DrugBank:DB14539, DrugBank:DB14540, DrugBank:DB14541, DrugBank:DB14543, DrugBank:DB14544 one preferred CURIE, CHEBI:17650 ('Hydrocortisone')",14043,DrugBank:DB14540,drug,Hydrocortisone butyrate,DrugBank:DB14540,CHEBI:17650,,2302,"drug_drug 2,256; drug_effect 14; enzyme 12; target 8; transporter 8; carrier 4",1003,0.606,7234,"drug_drug 6,678; indication 192; contraindication 170; enzyme 64; transporter 46; target 44; carrier 24; drug_effect 12; off-label use 4",6932,12,distinct,14028 | 14041 | 14042 | 14043 | 14044 | 14046 | 14047,J2,"Hydrocortisone and six esters of it (aceponate, acetate, butyrate, cypionate, probutate, valerate)",J2: ester
5,14028+14041+14042+14043+14044+14046+14047,79517,CHEBI:17650,Hydrocortisone,drug,apply_canonical_entity_merges pass 1: Node Normalizer,"Node Normalizer gives DrugBank:DB00741, DrugBank:DB14538, DrugBank:DB14539, DrugBank:DB14540, DrugBank:DB14541, DrugBank:DB14543, DrugBank:DB14544 one preferred CURIE, CHEBI:17650 ('Hydrocortisone')",14044,DrugBank:DB14541,drug,Hydrocortisone cypionate,DrugBank:DB14541,CHEBI:17650,,1652,"drug_drug 1,624; enzyme 8; target 8; transporter 8; carrier 4",821,0.543,7234,"drug_drug 6,678; indication 192; contraindication 170; enzyme 64; transporter 46; target 44; carrier 24; drug_effect 12; off-label use 4",6932,12,distinct,14028 | 14041 | 14042 | 14043 | 14044 | 14046 | 14047,J2,"Hydrocortisone and six esters of it (aceponate, acetate, butyrate, cypionate, probutate, valerate)",J2: ester
5,14028+14041+14042+14043+14044+14046+14047,79517,CHEBI:17650,Hydrocortisone,drug,apply_canonical_entity_merges pass 1: Node Normalizer,"Node Normalizer gives DrugBank:DB00741, DrugBank:DB14538, DrugBank:DB14539, DrugBank:DB14540, DrugBank:DB14541, DrugBank:DB14543, DrugBank:DB14544 one preferred CURIE, CHEBI:17650 ('Hydrocortisone')",14046,DrugBank:DB14543,drug,Hydrocortisone probutate,DrugBank:DB14543,CHEBI:17650,,306,drug_drug 274; enzyme 12; target 8; transporter 8; carrier 4,150,0.099,7234,"drug_drug 6,678; indication 192; contraindication 170; enzyme 64; transporter 46; target 44; carrier 24; drug_effect 12; off-label use 4",6932,12,distinct,14028 | 14041 | 14042 | 14043 | 14044 | 14046 | 14047,J2,"Hydrocortisone and six esters of it (aceponate, acetate, butyrate, cypionate, probutate, valerate)",J2: ester
5,14028+14041+14042+14043+14044+14046+14047,79517,CHEBI:17650,Hydrocortisone,drug,apply_canonical_entity_merges pass 1: Node Normalizer,"Node Normalizer gives DrugBank:DB00741, DrugBank:DB14538, DrugBank:DB14539, DrugBank:DB14540, DrugBank:DB14541, DrugBank:DB14543, DrugBank:DB14544 one preferred CURIE, CHEBI:17650 ('Hydrocortisone')",14047,DrugBank:DB14544,drug,Hydrocortisone valerate,DrugBank:DB14544,CHEBI:17650,,306,drug_drug 274; enzyme 12; target 8; transporter 8; carrier 4,150,0.099,7234,"drug_drug 6,678; indication 192; contraindication 170; enzyme 64; transporter 46; target 44; carrier 24; drug_effect 12; off-label use 4",6932,12,distinct,14028 | 14041 | 14042 | 14043 | 14044 | 14046 | 14047,J2,"Hydrocortisone and six esters of it (aceponate, acetate, butyrate, cypionate, probutate, valerate)",J2: ester
6,14030+14048+14050,79519,CHEBI:8378,Prednisolone,drug,apply_canonical_entity_merges pass 1: Node Normalizer,"Node Normalizer gives DrugBank:DB00860, DrugBank:DB14631, DrugBank:DB15566 one preferred CURIE, CHEBI:8378 ('Prednisolone')",14030,DrugBank:DB00860,drug,Prednisolone,DrugBank:DB00860,CHEBI:8378,yes,2778,"drug_drug 2,098; indication 292; contraindication 166; drug_effect 132; off-label use 78; carrier 4; transporter 4; enzyme 2; target 2",,,3154,"drug_drug 3,074; contraindication 36; indication 20; carrier 8; transporter 8; enzyme 4; target 4",2972,0,distinct,14030 | 14048 | 14050,J2,"Prednisolone and two esters of it (phosphate, acetate)",parent
6,14030+14048+14050,79519,CHEBI:8378,Prednisolone,drug,apply_canonical_entity_merges pass 1: Node Normalizer,"Node Normalizer gives DrugBank:DB00860, DrugBank:DB14631, DrugBank:DB15566 one preferred CURIE, CHEBI:8378 ('Prednisolone')",14048,DrugBank:DB14631,drug,Prednisolone phosphate,DrugBank:DB14631,CHEBI:8378,,2214,"drug_drug 2,176; enzyme 24; transporter 6; carrier 4; target 4",787,0.461,3154,"drug_drug 3,074; contraindication 36; indication 20; carrier 8; transporter 8; enzyme 4; target 4",2972,0,distinct,14030 | 14048 | 14050,J2,"Prednisolone and two esters of it (phosphate, acetate)",J2: phosphate ester
6,14030+14048+14050,79519,CHEBI:8378,Prednisolone,drug,apply_canonical_entity_merges pass 1: Node Normalizer,"Node Normalizer gives DrugBank:DB00860, DrugBank:DB14631, DrugBank:DB15566 one preferred CURIE, CHEBI:8378 ('Prednisolone')",14050,DrugBank:DB15566,drug,Prednisolone acetate,DrugBank:DB15566,CHEBI:8378,,1510,"drug_drug 1,442; contraindication 36; indication 20; carrier 4; transporter 4; enzyme 2; target 2",755,0.544,3154,"drug_drug 3,074; contraindication 36; indication 20; carrier 8; transporter 8; enzyme 4; target 4",2972,0,distinct,14030 | 14048 | 14050,J2,"Prednisolone and two esters of it (phosphate, acetate)",J2: acetate ester
7,14032+15047,79521,CHEBI:205919,Clobetasol propionate,drug,apply_canonical_entity_merges pass 1: Node Normalizer,"Node Normalizer gives DrugBank:DB01013, DrugBank:DB11750 one preferred CURIE, CHEBI:205919 ('Clobetasol')",14032,DrugBank:DB01013,drug,Clobetasol propionate,DrugBank:DB01013,CHEBI:205919,yes,2178,"drug_drug 2,124; contraindication 24; indication 16; target 6; carrier 4; enzyme 4",,,2162,"drug_drug 2,158; enzyme 4",2026,2,distinct,14032 | 15047,J2,Clobetasol propionate (the marketed ester) and the parent clobetasol,ester
7,14032+15047,79521,CHEBI:205919,Clobetasol propionate,drug,apply_canonical_entity_merges pass 1: Node Normalizer,"Node Normalizer gives DrugBank:DB01013, DrugBank:DB11750 one preferred CURIE, CHEBI:205919 ('Clobetasol')",15047,DrugBank:DB11750,drug,Clobetasol,DrugBank:DB11750,CHEBI:205919,,2144,"drug_drug 2,090; drug_effect 50; enzyme 4",1046,0.938,2162,"drug_drug 2,158; enzyme 4",2026,2,distinct,14032 | 15047,J2,Clobetasol propionate (the marketed ester) and the parent clobetasol,J2: parent
8,14054+14110+14524+14525+21946,79543,CHEBI:18145,Vitamin E,drug,apply_canonical_entity_merges pass 1: Node Normalizer,"Node Normalizer gives DrugBank:DB00163, DrugBank:DB14003, DrugBank:DB14001, DrugBank:DB14002, DrugBank:DB14476 one preferred CURIE, CHEBI:18145 ('Vitamin E')",14054,DrugBank:DB00163,drug,Vitamin E,DrugBank:DB00163,CHEBI:18145,yes,740,drug_drug 678; target 20; enzyme 18; carrier 8; indication 8; transporter 8,,,92,enzyme 34; drug_drug 26; target 26; carrier 4; transporter 2,74,0,distinct,14054 | 14110 | 14524 | 14525 | 21946,"J1, J2, J7","Vitamin E (DrugBank: a term for 8 tocopherols and tocotrienols), two tocopherol esters, a stereo-defined ester and the racemate",class entry
8,14054+14110+14524+14525+21946,79543,CHEBI:18145,Vitamin E,drug,apply_canonical_entity_merges pass 1: Node Normalizer,"Node Normalizer gives DrugBank:DB00163, DrugBank:DB14003, DrugBank:DB14001, DrugBank:DB14002, DrugBank:DB14476 one preferred CURIE, CHEBI:18145 ('Vitamin E')",14110,DrugBank:DB14003,drug,alpha-Tocopherol acetate,DrugBank:DB14003,CHEBI:18145,,24,transporter 14; carrier 4; enzyme 4; drug_drug 2,3,0.008,92,enzyme 34; drug_drug 26; target 26; carrier 4; transporter 2,74,0,distinct,14054 | 14110 | 14524 | 14525 | 21946,"J1, J2, J7","Vitamin E (DrugBank: a term for 8 tocopherols and tocotrienols), two tocopherol esters, a stereo-defined ester and the racemate",J2/J7: an ester
8,14054+14110+14524+14525+21946,79543,CHEBI:18145,Vitamin E,drug,apply_canonical_entity_merges pass 1: Node Normalizer,"Node Normalizer gives DrugBank:DB00163, DrugBank:DB14003, DrugBank:DB14001, DrugBank:DB14002, DrugBank:DB14476 one preferred CURIE, CHEBI:18145 ('Vitamin E')",14524,DrugBank:DB14001,drug,alpha-Tocopherol succinate,DrugBank:DB14001,CHEBI:18145,,52,target 32; enzyme 16; carrier 2; drug_drug 2,17,0.045,92,enzyme 34; drug_drug 26; target 26; carrier 4; transporter 2,74,0,distinct,14054 | 14110 | 14524 | 14525 | 21946,"J1, J2, J7","Vitamin E (DrugBank: a term for 8 tocopherols and tocotrienols), two tocopherol esters, a stereo-defined ester and the racemate",J2/J7: a different ester (succinate)
8,14054+14110+14524+14525+21946,79543,CHEBI:18145,Vitamin E,drug,apply_canonical_entity_merges pass 1: Node Normalizer,"Node Normalizer gives DrugBank:DB00163, DrugBank:DB14003, DrugBank:DB14001, DrugBank:DB14002, DrugBank:DB14476 one preferred CURIE, CHEBI:18145 ('Vitamin E')",14525,DrugBank:DB14002,drug,D-alpha-Tocopherol acetate,DrugBank:DB14002,CHEBI:18145,,32,enzyme 16; target 12; carrier 2; drug_drug 2,16,0.043,92,enzyme 34; drug_drug 26; target 26; carrier 4; transporter 2,74,0,distinct,14054 | 14110 | 14524 | 14525 | 21946,"J1, J2, J7","Vitamin E (DrugBank: a term for 8 tocopherols and tocotrienols), two tocopherol esters, a stereo-defined ester and the racemate",J1/J2: the RRR (D) ester
8,14054+14110+14524+14525+21946,79543,CHEBI:18145,Vitamin E,drug,apply_canonical_entity_merges pass 1: Node Normalizer,"Node Normalizer gives DrugBank:DB00163, DrugBank:DB14003, DrugBank:DB14001, DrugBank:DB14002, DrugBank:DB14476 one preferred CURIE, CHEBI:18145 ('Vitamin E')",21946,DrugBank:DB14476,drug,DL-alpha-Tocopherol,DrugBank:DB14476,CHEBI:18145,,2,drug_drug 2,1,0.003,92,enzyme 34; drug_drug 26; target 26; carrier 4; transporter 2,74,0,distinct,14054 | 14110 | 14524 | 14525 | 21946,"J1, J2, J7","Vitamin E (DrugBank: a term for 8 tocopherols and tocotrienols), two tocopherol esters, a stereo-defined ester and the racemate",J1/J7: the racemate
9,14150+14437,79639,CHEBI:17303,Morphine,drug,apply_canonical_entity_merges pass 1: Node Normalizer,"Node Normalizer gives DrugBank:DB00295, DrugBank:DB11130 one preferred CURIE, CHEBI:17303 ('Morphine')",14150,DrugBank:DB00295,drug,Morphine,DrugBank:DB00295,CHEBI:17303,yes,3262,"drug_drug 2,800; drug_effect 242; contraindication 186; enzyme 16; target 8; off-label use 4; carrier 2; indication 2; transporter 2",,,2292,"drug_drug 2,282; target 6; carrier 2; enzyme 2",2176,2,distinct,14150 | 14437,J7,Opium is a mixture of alkaloids; morphine is one of them,component
9,14150+14437,79639,CHEBI:17303,Morphine,drug,apply_canonical_entity_merges pass 1: Node Normalizer,"Node Normalizer gives DrugBank:DB00295, DrugBank:DB11130 one preferred CURIE, CHEBI:17303 ('Morphine')",14437,DrugBank:DB11130,drug,Opium,DrugBank:DB11130,CHEBI:17303,,3230,"drug_drug 3,216; target 6; carrier 4; enzyme 4",1106,0.517,2292,"drug_drug 2,282; target 6; carrier 2; enzyme 2",2176,2,distinct,14150 | 14437,J7,Opium is a mixture of alkaloids; morphine is one of them,J7: mixture
10,14208+14342+14476+14477+14478,79697,CHEBI:17347,Testosterone,drug,apply_canonical_entity_merges pass 1: Node Normalizer,"Node Normalizer gives DrugBank:DB00624, DrugBank:DB01420, DrugBank:DB13943, DrugBank:DB13944, DrugBank:DB13946 one preferred CURIE, CHEBI:17347 ('Testosterone')",14208,DrugBank:DB00624,drug,Testosterone,DrugBank:DB00624,CHEBI:17347,yes,3430,"drug_drug 2,876; drug_effect 252; contraindication 190; indication 60; enzyme 28; transporter 10; target 6; carrier 4; off-label use 4",,,11352,"drug_drug 10,726; contraindication 400; enzyme 100; indication 48; transporter 42; target 20; carrier 16",10984,20,distinct,14208 | 14342 | 14476 | 14477 | 14478,J2,"Testosterone and four esters of it (propionate, cypionate, enanthate, undecanoate)",parent
10,14208+14342+14476+14477+14478,79697,CHEBI:17347,Testosterone,drug,apply_canonical_entity_merges pass 1: Node Normalizer,"Node Normalizer gives DrugBank:DB00624, DrugBank:DB01420, DrugBank:DB13943, DrugBank:DB13944, DrugBank:DB13946 one preferred CURIE, CHEBI:17347 ('Testosterone')",14342,DrugBank:DB01420,drug,Testosterone propionate,DrugBank:DB01420,CHEBI:17347,,2114,"drug_drug 2,036; contraindication 44; indication 14; enzyme 12; carrier 4; target 2; transporter 2",1020,0.582,11352,"drug_drug 10,726; contraindication 400; enzyme 100; indication 48; transporter 42; target 20; carrier 16",10984,20,distinct,14208 | 14342 | 14476 | 14477 | 14478,J2,"Testosterone and four esters of it (propionate, cypionate, enanthate, undecanoate)",J2: ester
10,14208+14342+14476+14477+14478,79697,CHEBI:17347,Testosterone,drug,apply_canonical_entity_merges pass 1: Node Normalizer,"Node Normalizer gives DrugBank:DB00624, DrugBank:DB01420, DrugBank:DB13943, DrugBank:DB13944, DrugBank:DB13946 one preferred CURIE, CHEBI:17347 ('Testosterone')",14476,DrugBank:DB13943,drug,Testosterone cypionate,DrugBank:DB13943,CHEBI:17347,,3160,"drug_drug 2,910; contraindication 178; enzyme 32; transporter 16; indication 14; target 6; carrier 4",1526,0.863,11352,"drug_drug 10,726; contraindication 400; enzyme 100; indication 48; transporter 42; target 20; carrier 16",10984,20,distinct,14208 | 14342 | 14476 | 14477 | 14478,J2,"Testosterone and four esters of it (propionate, cypionate, enanthate, undecanoate)",J2: ester
10,14208+14342+14476+14477+14478,79697,CHEBI:17347,Testosterone,drug,apply_canonical_entity_merges pass 1: Node Normalizer,"Node Normalizer gives DrugBank:DB00624, DrugBank:DB01420, DrugBank:DB13943, DrugBank:DB13944, DrugBank:DB13946 one preferred CURIE, CHEBI:17347 ('Testosterone')",14477,DrugBank:DB13944,drug,Testosterone enanthate,DrugBank:DB13944,CHEBI:17347,,3368,"drug_drug 3,118; contraindication 178; enzyme 32; transporter 16; indication 14; target 6; carrier 4",1532,0.821,11352,"drug_drug 10,726; contraindication 400; enzyme 100; indication 48; transporter 42; target 20; carrier 16",10984,20,distinct,14208 | 14342 | 14476 | 14477 | 14478,J2,"Testosterone and four esters of it (propionate, cypionate, enanthate, undecanoate)",J2: ester
10,14208+14342+14476+14477+14478,79697,CHEBI:17347,Testosterone,drug,apply_canonical_entity_merges pass 1: Node Normalizer,"Node Normalizer gives DrugBank:DB00624, DrugBank:DB01420, DrugBank:DB13943, DrugBank:DB13944, DrugBank:DB13946 one preferred CURIE, CHEBI:17347 ('Testosterone')",14478,DrugBank:DB13946,drug,Testosterone undecanoate,DrugBank:DB13946,CHEBI:17347,,3362,"drug_drug 3,290; enzyme 34; transporter 20; indication 8; target 6; carrier 4",1437,0.734,11352,"drug_drug 10,726; contraindication 400; enzyme 100; indication 48; transporter 42; target 20; carrier 16",10984,20,distinct,14208 | 14342 | 14476 | 14477 | 14478,J2,"Testosterone and four esters of it (propionate, cypionate, enanthate, undecanoate)",J2: ester
11,14221+15744,79710,CHEBI:7627,Norethisterone,drug,apply_canonical_entity_merges pass 1: Node Normalizer,"Node Normalizer gives DrugBank:DB00717, DrugBank:DB14678 one preferred CURIE, CHEBI:7627 ('Norethisterone')",14221,DrugBank:DB00717,drug,Norethisterone,DrugBank:DB00717,CHEBI:7627,yes,2132,"drug_drug 1,802; contraindication 192; drug_effect 86; enzyme 20; indication 16; target 6; carrier 4; off-label use 4; transporter 2",,,908,drug_drug 906; enzyme 2,808,0,distinct,14221 | 15744,J2,Norethisterone and its enanthate ester,parent
11,14221+15744,79710,CHEBI:7627,Norethisterone,drug,apply_canonical_entity_merges pass 1: Node Normalizer,"Node Normalizer gives DrugBank:DB00717, DrugBank:DB14678 one preferred CURIE, CHEBI:7627 ('Norethisterone')",15744,DrugBank:DB14678,drug,Norethindrone enanthate,DrugBank:DB14678,CHEBI:7627,,852,drug_drug 850; enzyme 2,426,0.400,908,drug_drug 906; enzyme 2,808,0,distinct,14221 | 15744,J2,Norethisterone and its enanthate ester,J2: ester
12,14235+14479+14480+14481+14483+14501,79724,CHEBI:16469,Estradiol,drug,apply_canonical_entity_merges pass 1: Node Normalizer,"Node Normalizer gives DrugBank:DB00783, DrugBank:DB13952, DrugBank:DB13953, DrugBank:DB13954, DrugBank:DB13956, DrugBank:DB15690 one preferred CURIE, CHEBI:16469 ('Estradiol')",14235,DrugBank:DB00783,drug,Estradiol,DrugBank:DB00783,CHEBI:16469,yes,4458,"drug_drug 3,820; drug_effect 284; contraindication 256; enzyme 42; transporter 20; target 14; indication 12; carrier 6; off-label use 4",,,14954,"drug_drug 14,260; contraindication 396; transporter 104; enzyme 80; target 78; carrier 28; indication 6; off-label use 2",14552,20,distinct,14235 | 14479 | 14480 | 14481 | 14483 | 14501,J2,"Estradiol, four esters of it, and fluoroestradiol F-18, a different molecule (a fluorinated PET tracer)",parent
12,14235+14479+14480+14481+14483+14501,79724,CHEBI:16469,Estradiol,drug,apply_canonical_entity_merges pass 1: Node Normalizer,"Node Normalizer gives DrugBank:DB00783, DrugBank:DB13952, DrugBank:DB13953, DrugBank:DB13954, DrugBank:DB13956, DrugBank:DB15690 one preferred CURIE, CHEBI:16469 ('Estradiol')",14479,DrugBank:DB13952,drug,Estradiol acetate,DrugBank:DB13952,CHEBI:16469,,3720,"drug_drug 3,644; transporter 28; enzyme 20; target 20; carrier 6; indication 2",1769,0.762,14954,"drug_drug 14,260; contraindication 396; transporter 104; enzyme 80; target 78; carrier 28; indication 6; off-label use 2",14552,20,distinct,14235 | 14479 | 14480 | 14481 | 14483 | 14501,J2,"Estradiol, four esters of it, and fluoroestradiol F-18, a different molecule (a fluorinated PET tracer)",J2: ester
12,14235+14479+14480+14481+14483+14501,79724,CHEBI:16469,Estradiol,drug,apply_canonical_entity_merges pass 1: Node Normalizer,"Node Normalizer gives DrugBank:DB00783, DrugBank:DB13952, DrugBank:DB13953, DrugBank:DB13954, DrugBank:DB13956, DrugBank:DB15690 one preferred CURIE, CHEBI:16469 ('Estradiol')",14480,DrugBank:DB13953,drug,Estradiol benzoate,DrugBank:DB13953,CHEBI:16469,,3010,"drug_drug 2,936; transporter 28; enzyme 20; target 20; carrier 6",1414,0.609,14954,"drug_drug 14,260; contraindication 396; transporter 104; enzyme 80; target 78; carrier 28; indication 6; off-label use 2",14552,20,distinct,14235 | 14479 | 14480 | 14481 | 14483 | 14501,J2,"Estradiol, four esters of it, and fluoroestradiol F-18, a different molecule (a fluorinated PET tracer)",J2: ester
12,14235+14479+14480+14481+14483+14501,79724,CHEBI:16469,Estradiol,drug,apply_canonical_entity_merges pass 1: Node Normalizer,"Node Normalizer gives DrugBank:DB00783, DrugBank:DB13952, DrugBank:DB13953, DrugBank:DB13954, DrugBank:DB13956, DrugBank:DB15690 one preferred CURIE, CHEBI:16469 ('Estradiol')",14481,DrugBank:DB13954,drug,Estradiol cypionate,DrugBank:DB13954,CHEBI:16469,,4158,"drug_drug 3,882; contraindication 200; transporter 28; enzyme 20; target 20; carrier 6; indication 2",1988,0.857,14954,"drug_drug 14,260; contraindication 396; transporter 104; enzyme 80; target 78; carrier 28; indication 6; off-label use 2",14552,20,distinct,14235 | 14479 | 14480 | 14481 | 14483 | 14501,J2,"Estradiol, four esters of it, and fluoroestradiol F-18, a different molecule (a fluorinated PET tracer)",J2: ester
12,14235+14479+14480+14481+14483+14501,79724,CHEBI:16469,Estradiol,drug,apply_canonical_entity_merges pass 1: Node Normalizer,"Node Normalizer gives DrugBank:DB00783, DrugBank:DB13952, DrugBank:DB13953, DrugBank:DB13954, DrugBank:DB13956, DrugBank:DB15690 one preferred CURIE, CHEBI:16469 ('Estradiol')",14483,DrugBank:DB13956,drug,Estradiol valerate,DrugBank:DB13956,CHEBI:16469,,4154,"drug_drug 3,880; contraindication 196; transporter 28; enzyme 20; target 20; carrier 6; indication 2; off-label use 2",1986,0.856,14954,"drug_drug 14,260; contraindication 396; transporter 104; enzyme 80; target 78; carrier 28; indication 6; off-label use 2",14552,20,distinct,14235 | 14479 | 14480 | 14481 | 14483 | 14501,J2,"Estradiol, four esters of it, and fluoroestradiol F-18, a different molecule (a fluorinated PET tracer)",J2: ester
12,14235+14479+14480+14481+14483+14501,79724,CHEBI:16469,Estradiol,drug,apply_canonical_entity_merges pass 1: Node Normalizer,"Node Normalizer gives DrugBank:DB00783, DrugBank:DB13952, DrugBank:DB13953, DrugBank:DB13954, DrugBank:DB13956, DrugBank:DB15690 one preferred CURIE, CHEBI:16469 ('Estradiol')",14501,DrugBank:DB15690,drug,Fluoroestradiol F-18,DrugBank:DB15690,CHEBI:16469,,32,drug_drug 24; carrier 4; target 4,7,0.003,14954,"drug_drug 14,260; contraindication 396; transporter 104; enzyme 80; target 78; carrier 28; indication 6; off-label use 2",14552,20,distinct,14235 | 14479 | 14480 | 14481 | 14483 | 14501,J2,"Estradiol, four esters of it, and fluoroestradiol F-18, a different molecule (a fluorinated PET tracer)","evidence: a different molecule, 16-fluoroestradiol labelled with F-18, a PET agent"
13,14243+19752,79732,CHEBI:45599,Sodium lauryl sulfate,drug,apply_canonical_entity_merges pass 1: Node Normalizer,"Node Normalizer gives DrugBank:DB00815, DrugBank:DB03967 one preferred CURIE, CHEBI:45599 ('Dodecyl sulfate')",14243,DrugBank:DB00815,drug,Sodium lauryl sulfate,DrugBank:DB00815,CHEBI:45599,yes,2,carrier 2,,,0,,0,0,distinct,14243 | 19752,J3,Sodium lauryl sulfate (a salt) and the dodecyl sulfate anion,salt
13,14243+19752,79732,CHEBI:45599,Sodium lauryl sulfate,drug,apply_canonical_entity_merges pass 1: Node Normalizer,"Node Normalizer gives DrugBank:DB00815, DrugBank:DB03967 one preferred CURIE, CHEBI:45599 ('Dodecyl sulfate')",19752,DrugBank:DB03967,drug,Dodecyl sulfate,DrugBank:DB03967,CHEBI:45599,,2,target 2,0,0.000,0,,0,0,distinct,14243 | 19752,J3,Sodium lauryl sulfate (a salt) and the dodecyl sulfate anion,J3: the anion
14,14269+21385,79758,CHEBI:6888,Methylprednisolone,drug,apply_canonical_entity_merges pass 1: Node Normalizer,"Node Normalizer gives DrugBank:DB00959, DrugBank:DB14643 one preferred CURIE, CHEBI:6888 ('Methylprednisolone')",14269,DrugBank:DB00959,drug,Methylprednisolone,DrugBank:DB00959,CHEBI:6888,yes,2734,"drug_drug 2,092; indication 236; drug_effect 172; contraindication 138; off-label use 68; enzyme 20; target 4; carrier 2; transporter 2",,,306,drug_drug 306,230,0,distinct,14269 | 21385,J2,Methylprednisolone and its aceponate ester,parent
14,14269+21385,79758,CHEBI:6888,Methylprednisolone,drug,apply_canonical_entity_merges pass 1: Node Normalizer,"Node Normalizer gives DrugBank:DB00959, DrugBank:DB14643 one preferred CURIE, CHEBI:6888 ('Methylprednisolone')",21385,DrugBank:DB14643,drug,Methylprednisolone aceponate,DrugBank:DB14643,CHEBI:6888,,240,drug_drug 240,120,0.088,306,drug_drug 306,230,0,distinct,14269 | 21385,J2,Methylprednisolone and its aceponate ester,J2: ester
15,14281+17623,79770,CHEBI:47519,Ketoconazole,drug,apply_canonical_entity_merges pass 1: Node Normalizer,"Node Normalizer gives DrugBank:DB01026, DrugBank:DB05667 one preferred CURIE, CHEBI:47519 ('Ketoconazole')",14281,DrugBank:DB01026,drug,Ketoconazole,DrugBank:DB01026,CHEBI:47519,yes,2802,"drug_drug 2,572; drug_effect 94; indication 46; enzyme 36; contraindication 30; target 12; transporter 6; carrier 4; off-label use 2",,,50,drug_drug 50,0,0,distinct,14281 | 17623,J1,"Levoketoconazole is one enantiomer of racemic ketoconazole, developed for a different use (cortisol synthesis inhibition)",racemate
15,14281+17623,79770,CHEBI:47519,Ketoconazole,drug,apply_canonical_entity_merges pass 1: Node Normalizer,"Node Normalizer gives DrugBank:DB01026, DrugBank:DB05667 one preferred CURIE, CHEBI:47519 ('Ketoconazole')",17623,DrugBank:DB05667,drug,Levoketoconazole,DrugBank:DB05667,CHEBI:47519,,4,target 4,0,0.000,50,drug_drug 50,0,0,distinct,14281 | 17623,J1,"Levoketoconazole is one enantiomer of racemic ketoconazole, developed for a different use (cortisol synthesis inhibition)",J1: single enantiomer
16,14284+16268,79773,CHEBI:5001,Fenofibrate,drug,apply_canonical_entity_merges pass 1: Node Normalizer,"Node Normalizer gives DrugBank:DB01039, DrugBank:DB13873 one preferred CURIE, CHEBI:5001 ('Fenofibrate')",14284,DrugBank:DB01039,drug,Fenofibrate,DrugBank:DB01039,CHEBI:5001,yes,2988,"drug_drug 2,690; drug_effect 184; contraindication 70; enzyme 22; indication 12; target 6; carrier 2; transporter 2",,,1836,"drug_drug 1,748; contraindication 70; indication 12; target 6",1754,2,distinct,14284 | 16268,J2,Fenofibrate is the ester prodrug of fenofibric acid; both are approved products,prodrug ester
16,14284+16268,79773,CHEBI:5001,Fenofibrate,drug,apply_canonical_entity_merges pass 1: Node Normalizer,"Node Normalizer gives DrugBank:DB01039, DrugBank:DB13873 one preferred CURIE, CHEBI:5001 ('Fenofibrate')",16268,DrugBank:DB13873,drug,Fenofibric acid,DrugBank:DB13873,CHEBI:5001,,1804,"drug_drug 1,696; contraindication 86; indication 12; target 10",889,0.590,1836,"drug_drug 1,748; contraindication 70; indication 12; target 6",1754,2,distinct,14284 | 16268,J2,Fenofibrate is the ester prodrug of fenofibric acid; both are approved products,J2: the active acid
17,14320+14493+15041,79809,CHEBI:41879,Dexamethasone,drug,apply_canonical_entity_merges pass 1: Node Normalizer,"Node Normalizer gives DrugBank:DB01234, DrugBank:DB14649, DrugBank:DB11487 one preferred CURIE, CHEBI:41879 ('Dexamethasone')",14320,DrugBank:DB01234,drug,Dexamethasone,DrugBank:DB01234,CHEBI:41879,yes,3586,"drug_drug 2,818; indication 288; drug_effect 194; contraindication 166; off-label use 66; enzyme 30; transporter 12; target 10; carrier 2",,,2248,"drug_drug 2,188; enzyme 34; transporter 12; target 10; carrier 2; indication 2",2100,2,distinct,14320 | 14493 | 15041,J2,"Dexamethasone and two esters of it (acetate, isonicotinate)",parent
17,14320+14493+15041,79809,CHEBI:41879,Dexamethasone,drug,apply_canonical_entity_merges pass 1: Node Normalizer,"Node Normalizer gives DrugBank:DB01234, DrugBank:DB14649, DrugBank:DB11487 one preferred CURIE, CHEBI:41879 ('Dexamethasone')",14493,DrugBank:DB14649,drug,Dexamethasone acetate,DrugBank:DB14649,CHEBI:41879,,56,enzyme 30; transporter 12; target 10; carrier 2; indication 2,28,0.016,2248,"drug_drug 2,188; enzyme 34; transporter 12; target 10; carrier 2; indication 2",2100,2,distinct,14320 | 14493 | 15041,J2,"Dexamethasone and two esters of it (acetate, isonicotinate)",J2: ester
17,14320+14493+15041,79809,CHEBI:41879,Dexamethasone,drug,apply_canonical_entity_merges pass 1: Node Normalizer,"Node Normalizer gives DrugBank:DB01234, DrugBank:DB14649, DrugBank:DB11487 one preferred CURIE, CHEBI:41879 ('Dexamethasone')",15041,DrugBank:DB11487,drug,Dexamethasone isonicotinate,DrugBank:DB11487,CHEBI:41879,,2128,"drug_drug 2,124; enzyme 4",1055,0.585,2248,"drug_drug 2,188; enzyme 34; transporter 12; target 10; carrier 2; indication 2",2100,2,distinct,14320 | 14493 | 15041,J2,"Dexamethasone and two esters of it (acetate, isonicotinate)",J2: ester
18,14424+17203,79913,CHEBI:43830,Methylene blue,drug,apply_canonical_entity_merges pass 1: Node Normalizer,"Node Normalizer gives DrugBank:DB09241, DrugBank:DB08167 one preferred CURIE, CHEBI:43830 ('Methylthioninium')",14424,DrugBank:DB09241,drug,Methylene blue,DrugBank:DB09241,CHEBI:43830,yes,4506,"drug_drug 4,292; contraindication 116; drug_effect 58; enzyme 22; transporter 8; indication 4; target 4; carrier 2",,,562,drug_drug 562,482,2,distinct,14424 | 17203,J3,Methylene blue is methylthioninium chloride; the other entry is the cation,salt
18,14424+17203,79913,CHEBI:43830,Methylene blue,drug,apply_canonical_entity_merges pass 1: Node Normalizer,"Node Normalizer gives DrugBank:DB09241, DrugBank:DB08167 one preferred CURIE, CHEBI:43830 ('Methylthioninium')",17203,DrugBank:DB08167,drug,Methylthioninium,DrugBank:DB08167,CHEBI:43830,,486,drug_drug 484; target 2,241,0.107,562,drug_drug 562,482,2,distinct,14424 | 17203,J3,Methylene blue is methylthioninium chloride; the other entry is the cation,J3: the cation
19,14441+14486,79930,CHEBI:9679,Calcium Phosphate,drug,apply_canonical_entity_merges pass 1: Node Normalizer,"Node Normalizer gives DrugBank:DB11348, DrugBank:DB14481 one preferred CURIE, CHEBI:9679 ('CID 516943')",14441,DrugBank:DB11348,drug,Calcium Phosphate,DrugBank:DB11348,CHEBI:9679,yes,740,drug_drug 616; target 64; transporter 54; carrier 6,,,250,drug_drug 126; target 64; transporter 54; carrier 6,240,2,unclear,14441 | 14486,J5,"DrugBank's 'Calcium Phosphate' does not say which calcium phosphate it is; the dihydrate (MW 172.09) is dicalcium phosphate dihydrate. Same salt: J5 keeps them merged. Tricalcium phosphate: different compounds, split",unspecified calcium phosphate
19,14441+14486,79930,CHEBI:9679,Calcium Phosphate,drug,apply_canonical_entity_merges pass 1: Node Normalizer,"Node Normalizer gives DrugBank:DB11348, DrugBank:DB14481 one preferred CURIE, CHEBI:9679 ('CID 516943')",14486,DrugBank:DB14481,drug,Calcium phosphate dihydrate,DrugBank:DB14481,CHEBI:9679,,250,drug_drug 126; target 64; transporter 54; carrier 6,120,0.320,250,drug_drug 126; target 64; transporter 54; carrier 6,240,2,unclear,14441 | 14486,J5,"DrugBank's 'Calcium Phosphate' does not say which calcium phosphate it is; the dihydrate (MW 172.09) is dicalcium phosphate dihydrate. Same salt: J5 keeps them merged. Tricalcium phosphate: different compounds, split","unclear: hydrate of the same salt, or a different salt"
20,14487+20399,79976,CHEBI:25107,Magnesium,drug,apply_canonical_entity_merges pass 1: Node Normalizer,"Node Normalizer gives DrugBank:DB14513, DrugBank:DB09407 one preferred CURIE, CHEBI:25107 ('magnesium atom')",14487,DrugBank:DB14513,drug,Magnesium,DrugBank:DB14513,CHEBI:25107,yes,2060,"drug_drug 2,046; transporter 12; carrier 2",,,890,drug_drug 890,800,0,distinct,14487 | 20399,J7,Magnesium (DrugBank: the element) and one specific compound of it,element
20,14487+20399,79976,CHEBI:25107,Magnesium,drug,apply_canonical_entity_merges pass 1: Node Normalizer,"Node Normalizer gives DrugBank:DB14513, DrugBank:DB09407 one preferred CURIE, CHEBI:25107 ('magnesium atom')",20399,DrugBank:DB09407,drug,Magnesium chloride,DrugBank:DB09407,CHEBI:25107,,1890,"drug_drug 1,838; contraindication 52",404,0.257,890,drug_drug 890,800,0,distinct,14487 | 20399,J7,Magnesium (DrugBank: the element) and one specific compound of it,J7: a specific compound (chloride)
21,14491+14751,79980,CHEBI:35176,"Zinc sulfate, unspecified form",drug,apply_canonical_entity_merges pass 1: Node Normalizer,"Node Normalizer gives DrugBank:DB14548, DrugBank:DB09322 one preferred CURIE, CHEBI:35176 ('Zinc sulfate')",14491,DrugBank:DB14548,drug,"Zinc sulfate, unspecified form",DrugBank:DB14548,CHEBI:35176,yes,374,target 194; drug_drug 120; transporter 48; enzyme 10; carrier 2,,,120,drug_drug 120,120,0,same,14491+14751,J5,Zinc sulfate and DrugBank's 'unspecified form' entry for it (hydration state not stated): one substance,unspecified form
21,14491+14751,79980,CHEBI:35176,"Zinc sulfate, unspecified form",drug,apply_canonical_entity_merges pass 1: Node Normalizer,"Node Normalizer gives DrugBank:DB14548, DrugBank:DB09322 one preferred CURIE, CHEBI:35176 ('Zinc sulfate')",14751,DrugBank:DB09322,drug,Zinc sulfate,DrugBank:DB09322,CHEBI:35176,,202,drug_drug 120; contraindication 64; off-label use 14; drug_effect 2; enzyme 2,60,0.263,120,drug_drug 120,120,0,same,14491+14751,J5,Zinc sulfate and DrugBank's 'unspecified form' entry for it (hydration state not stated): one substance,J5: same substance
22,14510+20334,79999,CHEBI:28304,Heparin,drug,apply_canonical_entity_merges pass 1: Node Normalizer,"Node Normalizer gives DrugBank:DB01109, DrugBank:DB15404 one preferred CURIE, CHEBI:28304 ('Heparin')",14510,DrugBank:DB01109,drug,Heparin,DrugBank:DB01109,CHEBI:28304,yes,1942,"drug_drug 1,790; contraindication 56; drug_effect 48; target 24; off-label use 12; indication 8; carrier 2; enzyme 2",,,122,contraindication 56; drug_drug 46; off-label use 12; indication 8,76,0,distinct,14510 | 20334,J6,"Unfractionated heparin and bovine-derived heparin: different source tissue, a separate DrugBank entry",heparin
22,14510+20334,79999,CHEBI:28304,Heparin,drug,apply_canonical_entity_merges pass 1: Node Normalizer,"Node Normalizer gives DrugBank:DB01109, DrugBank:DB15404 one preferred CURIE, CHEBI:28304 ('Heparin')",20334,DrugBank:DB15404,drug,"Heparin, bovine",DrugBank:DB15404,CHEBI:28304,,76,contraindication 56; off-label use 12; indication 8,38,0.039,122,contraindication 56; drug_drug 46; off-label use 12; indication 8,76,0,distinct,14510 | 20334,J6,"Unfractionated heparin and bovine-derived heparin: different source tissue, a separate DrugBank entry",J6: bovine source
23,14585+14927,80075,CHEBI:16134,Ammonia,drug,apply_canonical_entity_merges pass 1: Node Normalizer,"Node Normalizer gives DrugBank:DB11118, DrugBank:DB09326 one preferred CURIE, CHEBI:16134 ('Ammonia')",14585,DrugBank:DB11118,drug,Ammonia,DrugBank:DB11118,CHEBI:16134,yes,36,contraindication 16; indication 14; enzyme 6,,,0,,0,0,distinct,14585 | 14927,J4,"Ammonia and ammonia N-13, a PET perfusion tracer",unlabelled
23,14585+14927,80075,CHEBI:16134,Ammonia,drug,apply_canonical_entity_merges pass 1: Node Normalizer,"Node Normalizer gives DrugBank:DB11118, DrugBank:DB09326 one preferred CURIE, CHEBI:16134 ('Ammonia')",14927,DrugBank:DB09326,drug,Ammonia N-13,DrugBank:DB09326,CHEBI:16134,,4,enzyme 2; transporter 2,0,0.000,0,,0,0,distinct,14585 | 14927,J4,"Ammonia and ammonia N-13, a PET perfusion tracer",J4: N-13 tracer
24,14587+15256,80077,CHEBI:16236,Ethanol,drug,apply_canonical_entity_merges pass 1: Node Normalizer,"Node Normalizer gives DrugBank:DB00898, DrugBank:DB13293 one preferred CURIE, CHEBI:16236 ('Ethanol')",14587,DrugBank:DB00898,drug,Ethanol,DrugBank:DB00898,CHEBI:16236,yes,3226,"drug_drug 3,090; target 104; enzyme 32",,,1378,"drug_drug 1,376; enzyme 2",1296,2,distinct,14587 | 15256,evidence,Unrelated substances: ethanol and ipecac (a plant emetic). Node Normalizer conflated them,ethanol
24,14587+15256,80077,CHEBI:16236,Ethanol,drug,apply_canonical_entity_merges pass 1: Node Normalizer,"Node Normalizer gives DrugBank:DB00898, DrugBank:DB13293 one preferred CURIE, CHEBI:16236 ('Ethanol')",15256,DrugBank:DB13293,drug,Ipecac,DrugBank:DB13293,CHEBI:16236,,2144,"drug_drug 2,140; enzyme 4",654,0.322,1378,"drug_drug 1,376; enzyme 2",1296,2,distinct,14587 | 15256,evidence,Unrelated substances: ethanol and ipecac (a plant emetic). Node Normalizer conflated them,"evidence: ipecac, a different substance"
25,14588+16719,80078,CHEBI:6062,Isosorbide mononitrate,drug,apply_canonical_entity_merges pass 1: Node Normalizer,"Node Normalizer gives DrugBank:DB01020, DrugBank:DB09401 one preferred CURIE, CHEBI:6062 ('Isosorbide mononitrate')",14588,DrugBank:DB01020,drug,Isosorbide mononitrate,DrugBank:DB01020,CHEBI:6062,yes,2382,"drug_drug 2,122; drug_effect 228; contraindication 24; enzyme 6; target 2",,,1354,"drug_drug 1,354",1246,2,distinct,14588 | 16719,evidence,Different molecules: isosorbide mononitrate (MW 191.14) and isosorbide (MW 146.14),mononitrate
25,14588+16719,80078,CHEBI:6062,Isosorbide mononitrate,drug,apply_canonical_entity_merges pass 1: Node Normalizer,"Node Normalizer gives DrugBank:DB01020, DrugBank:DB09401 one preferred CURIE, CHEBI:6062 ('Isosorbide mononitrate')",16719,DrugBank:DB09401,drug,Isosorbide,DrugBank:DB09401,CHEBI:6062,,2066,"drug_drug 2,058; target 6; indication 2",634,0.399,1354,"drug_drug 1,354",1246,2,distinct,14588 | 16719,evidence,Different molecules: isosorbide mononitrate (MW 191.14) and isosorbide (MW 146.14),evidence: a different molecule
26,14589+20254+20313,80079,CHEBI:30742,Polyethylene glycol 400,drug,apply_canonical_entity_merges pass 1: Node Normalizer,"Node Normalizer gives DrugBank:DB11077, DrugBank:DB09287, DrugBank:DB11161 one preferred CURIE, CHEBI:30742 ('macrogol')",14589,DrugBank:DB11077,drug,Polyethylene glycol 400,DrugBank:DB11077,CHEBI:30742,yes,1632,"drug_drug 1,534; contraindication 76; enzyme 6; indication 6; off-label use 4; target 4; transporter 2",,,526,drug_drug 352; contraindication 152; indication 12; off-label use 8; transporter 2,480,2,distinct,14589 | 20254 | 20313,J7,"Polyethylene glycol (the polymer family) and two specific grades of it (PEG 300, PEG 400)",grade (400)
26,14589+20254+20313,80079,CHEBI:30742,Polyethylene glycol 400,drug,apply_canonical_entity_merges pass 1: Node Normalizer,"Node Normalizer gives DrugBank:DB11077, DrugBank:DB09287, DrugBank:DB11161 one preferred CURIE, CHEBI:30742 ('macrogol')",20254,DrugBank:DB09287,drug,Polyethylene glycol,DrugBank:DB09287,CHEBI:30742,,984,drug_drug 896; contraindication 76; indication 6; off-label use 4; transporter 2,195,0.175,526,drug_drug 352; contraindication 152; indication 12; off-label use 8; transporter 2,480,2,distinct,14589 | 20254 | 20313,J7,"Polyethylene glycol (the polymer family) and two specific grades of it (PEG 300, PEG 400)",J7: the polymer family
26,14589+20254+20313,80079,CHEBI:30742,Polyethylene glycol 400,drug,apply_canonical_entity_merges pass 1: Node Normalizer,"Node Normalizer gives DrugBank:DB11077, DrugBank:DB09287, DrugBank:DB11161 one preferred CURIE, CHEBI:30742 ('macrogol')",20313,DrugBank:DB11161,drug,Polyethylene glycol 300,DrugBank:DB11161,CHEBI:30742,,86,contraindication 76; indication 6; off-label use 4,43,0.053,526,drug_drug 352; contraindication 152; indication 12; off-label use 8; transporter 2,480,2,distinct,14589 | 20254 | 20313,J7,"Polyethylene glycol (the polymer family) and two specific grades of it (PEG 300, PEG 400)",J7: a different grade (300)
27,14605+14618,80108,CHEBI:3347,Candesartan,drug,apply_canonical_entity_merges pass 1: Node Normalizer,"Node Normalizer gives DrugBank:DB00796, DrugBank:DB13919 one preferred CURIE, CHEBI:3347 ('Candesartan')",14605,DrugBank:DB00796,drug,Candesartan cilexetil,DrugBank:DB00796,CHEBI:3347,,2116,"drug_drug 2,050; contraindication 44; enzyme 8; off-label use 6; indication 4; target 2; transporter 2",1021,0.894,2066,"drug_drug 2,054; enzyme 8; target 2; transporter 2",2022,2,distinct,14605 | 14618,J2,Candesartan cilexetil is the ester prodrug; candesartan is its active form,J2: prodrug ester
27,14605+14618,80108,CHEBI:3347,Candesartan,drug,apply_canonical_entity_merges pass 1: Node Normalizer,"Node Normalizer gives DrugBank:DB00796, DrugBank:DB13919 one preferred CURIE, CHEBI:3347 ('Candesartan')",14618,DrugBank:DB13919,drug,Candesartan,DrugBank:DB13919,CHEBI:3347,yes,2210,"drug_drug 2,098; drug_effect 98; enzyme 8; transporter 4; target 2",,,2066,"drug_drug 2,054; enzyme 8; target 2; transporter 2",2022,2,distinct,14605 | 14618,J2,Candesartan cilexetil is the ester prodrug; candesartan is its active form,active form
28,14619+14692,80109,UMLS:C0700346,"Antihemophilic factor, human recombinant",drug,apply_canonical_entity_merges pass 1: Node Normalizer,"Node Normalizer gives DrugBank:DB00025, DrugBank:DB13192 one preferred CURIE, UMLS:C0700346 ('Koate-DVI')",14619,DrugBank:DB00025,drug,"Antihemophilic factor, human recombinant",DrugBank:DB00025,UMLS:C0700346,yes,220,drug_drug 190; target 22; enzyme 4; indication 4,,,200,drug_drug 194; target 4; enzyme 2,192,0,distinct,14619 | 14692,J6,Recombinant factor VIII and plasma-derived factor VIII: different products,recombinant
28,14619+14692,80109,UMLS:C0700346,"Antihemophilic factor, human recombinant",drug,apply_canonical_entity_merges pass 1: Node Normalizer,"Node Normalizer gives DrugBank:DB00025, DrugBank:DB13192 one preferred CURIE, UMLS:C0700346 ('Koate-DVI')",14692,DrugBank:DB13192,drug,Antihemophilic factor human,DrugBank:DB13192,UMLS:C0700346,,196,drug_drug 190; target 4; enzyme 2,98,0.891,200,drug_drug 194; target 4; enzyme 2,192,0,distinct,14619 | 14692,J6,Recombinant factor VIII and plasma-derived factor VIII: different products,J6: plasma-derived
29,14637+20350,80127,CHEBI:25879,Pentaerythritol tetranitrate,drug,apply_canonical_entity_merges pass 1: Node Normalizer,"Node Normalizer gives DrugBank:DB06154, DrugBank:DB13526 one preferred CURIE, CHEBI:25879 ('Pentaerythritol tetranitrate')",14637,DrugBank:DB06154,drug,Pentaerythritol tetranitrate,DrugBank:DB06154,CHEBI:25879,yes,1628,"drug_drug 1,618; enzyme 6; target 4",,,402,drug_drug 402,358,0,distinct,14637 | 20350,evidence,"Different molecules: pentaerythritol tetranitrate (MW 316.14), a vasodilator, and pentaerythritol (MW 136.15)",tetranitrate
29,14637+20350,80127,CHEBI:25879,Pentaerythritol tetranitrate,drug,apply_canonical_entity_merges pass 1: Node Normalizer,"Node Normalizer gives DrugBank:DB06154, DrugBank:DB13526 one preferred CURIE, CHEBI:25879 ('Pentaerythritol tetranitrate')",20350,DrugBank:DB13526,drug,Pentaerithrityl,DrugBank:DB13526,CHEBI:25879,,888,drug_drug 826; contraindication 62,177,0.164,402,drug_drug 402,358,0,distinct,14637 | 20350,evidence,"Different molecules: pentaerythritol tetranitrate (MW 316.14), a vasodilator, and pentaerythritol (MW 136.15)","evidence: the parent alcohol, a different molecule"
30,14644+19279,80134,CHEBI:30830,Sodium oxybate,drug,apply_canonical_entity_merges pass 1: Node Normalizer,"Node Normalizer gives DrugBank:DB09072, DrugBank:DB01440 one preferred CURIE, CHEBI:30830 ('sodium oxybate')",14644,DrugBank:DB09072,drug,Sodium oxybate,DrugBank:DB09072,CHEBI:30830,yes,1688,"drug_drug 1,470; drug_effect 168; contraindication 34; indication 12; enzyme 4",,,1484,"drug_drug 1,484",1452,0,distinct,14644 | 19279,J3,Sodium oxybate is the sodium salt of gamma-hydroxybutyric acid,salt
30,14644+19279,80134,CHEBI:30830,Sodium oxybate,drug,apply_canonical_entity_merges pass 1: Node Normalizer,"Node Normalizer gives DrugBank:DB09072, DrugBank:DB01440 one preferred CURIE, CHEBI:30830 ('sodium oxybate')",19279,DrugBank:DB01440,drug,gamma-Hydroxybutyric acid,DrugBank:DB01440,CHEBI:30830,,1478,"drug_drug 1,468; transporter 6; target 4",734,0.865,1484,"drug_drug 1,484",1452,0,distinct,14644 | 19279,J3,Sodium oxybate is the sodium salt of gamma-hydroxybutyric acid,J3: free acid
31,14653+14654+18900+20813,80144,CHEBI:15354,Choline salicylate,drug,apply_canonical_entity_merges pass 1: Node Normalizer,"Node Normalizer gives DrugBank:DB00122, DrugBank:DB14006, DrugBank:DB04660, DrugBank:DB09277 one preferred CURIE, CHEBI:15354 ('Choline')",14653,DrugBank:DB00122,drug,Choline,DrugBank:DB00122,CHEBI:15354,,254,drug_drug 206; transporter 20; target 16; enzyme 10; indication 2,122,0.112,1768,"drug_drug 1,726; transporter 18; target 14; enzyme 10",1684,4,distinct,14653 | 14654 | 18900 | 20813,J4,Four different drugs: choline; choline salicylate (salicylate is an active NSAID); choline alfoscerate (glycerophosphocholine); choline C-11 (a PET tracer),choline
31,14653+14654+18900+20813,80144,CHEBI:15354,Choline salicylate,drug,apply_canonical_entity_merges pass 1: Node Normalizer,"Node Normalizer gives DrugBank:DB00122, DrugBank:DB14006, DrugBank:DB04660, DrugBank:DB09277 one preferred CURIE, CHEBI:15354 ('Choline')",14654,DrugBank:DB14006,drug,Choline salicylate,DrugBank:DB14006,CHEBI:15354,yes,2178,"drug_drug 2,136; transporter 18; target 14; enzyme 10",,,1768,"drug_drug 1,726; transporter 18; target 14; enzyme 10",1684,4,distinct,14653 | 14654 | 18900 | 20813,J4,Four different drugs: choline; choline salicylate (salicylate is an active NSAID); choline alfoscerate (glycerophosphocholine); choline C-11 (a PET tracer),evidence: second active ingredient (salicylate)
31,14653+14654+18900+20813,80144,CHEBI:15354,Choline salicylate,drug,apply_canonical_entity_merges pass 1: Node Normalizer,"Node Normalizer gives DrugBank:DB00122, DrugBank:DB14006, DrugBank:DB04660, DrugBank:DB09277 one preferred CURIE, CHEBI:15354 ('Choline')",18900,DrugBank:DB04660,drug,Choline alfoscerate,DrugBank:DB04660,CHEBI:15354,,2,target 2,0,0.000,1768,"drug_drug 1,726; transporter 18; target 14; enzyme 10",1684,4,distinct,14653 | 14654 | 18900 | 20813,J4,Four different drugs: choline; choline salicylate (salicylate is an active NSAID); choline alfoscerate (glycerophosphocholine); choline C-11 (a PET tracer),evidence: a different compound (glycerophosphocholine)
31,14653+14654+18900+20813,80144,CHEBI:15354,Choline salicylate,drug,apply_canonical_entity_merges pass 1: Node Normalizer,"Node Normalizer gives DrugBank:DB00122, DrugBank:DB14006, DrugBank:DB04660, DrugBank:DB09277 one preferred CURIE, CHEBI:15354 ('Choline')",20813,DrugBank:DB09277,drug,Choline C 11,DrugBank:DB09277,CHEBI:15354,,1494,"drug_drug 1,494",734,0.666,1768,"drug_drug 1,726; transporter 18; target 14; enzyme 10",1684,4,distinct,14653 | 14654 | 18900 | 20813,J4,Four different drugs: choline; choline salicylate (salicylate is an active NSAID); choline alfoscerate (glycerophosphocholine); choline C-11 (a PET tracer),J4: C-11 PET tracer
32,14560+14561+14705,80195,CHEBI:27300,Vitamin D,drug,apply_canonical_entity_merges pass 1: Node Normalizer,"Node Normalizer gives DrugBank:DB00153, DrugBank:DB00169, DrugBank:DB11094 one preferred CURIE, CHEBI:27300 ('Ergocalciferol')",14560,DrugBank:DB00153,drug,Ergocalciferol,DrugBank:DB00153,CHEBI:27300,,520,drug_drug 280; contraindication 120; target 54; drug_effect 28; indication 22; enzyme 12; carrier 2; off-label use 2,138,0.194,880,drug_drug 720; contraindication 120; indication 20; enzyme 12; target 4; carrier 2; off-label use 2,790,6,distinct,14560 | 14561 | 14705,J7,"Vitamin D (the class) and two different molecules in it, ergocalciferol (D2) and cholecalciferol (D3)","evidence: D2, a different molecule from D3"
32,14560+14561+14705,80195,CHEBI:27300,Vitamin D,drug,apply_canonical_entity_merges pass 1: Node Normalizer,"Node Normalizer gives DrugBank:DB00153, DrugBank:DB00169, DrugBank:DB11094 one preferred CURIE, CHEBI:27300 ('Ergocalciferol')",14561,DrugBank:DB00169,drug,Cholecalciferol,DrugBank:DB00169,CHEBI:27300,,942,drug_drug 782; contraindication 120; indication 20; enzyme 14; carrier 2; off-label use 2; target 2,204,0.238,880,drug_drug 720; contraindication 120; indication 20; enzyme 12; target 4; carrier 2; off-label use 2,790,6,distinct,14560 | 14561 | 14705,J7,"Vitamin D (the class) and two different molecules in it, ergocalciferol (D2) and cholecalciferol (D3)",evidence: D3
32,14560+14561+14705,80195,CHEBI:27300,Vitamin D,drug,apply_canonical_entity_merges pass 1: Node Normalizer,"Node Normalizer gives DrugBank:DB00153, DrugBank:DB00169, DrugBank:DB11094 one preferred CURIE, CHEBI:27300 ('Ergocalciferol')",14705,DrugBank:DB11094,drug,Vitamin D,DrugBank:DB11094,CHEBI:27300,yes,1180,"drug_drug 1,170; enzyme 6; target 4",,,880,drug_drug 720; contraindication 120; indication 20; enzyme 12; target 4; carrier 2; off-label use 2,790,6,distinct,14560 | 14561 | 14705,J7,"Vitamin D (the class) and two different molecules in it, ergocalciferol (D2) and cholecalciferol (D3)",J7: class entry
33,14716+14742,80208,CHEBI:27568,Selenium,drug,apply_canonical_entity_merges pass 1: Node Normalizer,"Node Normalizer gives DrugBank:DB11135, DrugBank:DB11127 one preferred CURIE, CHEBI:27568 ('Selenium')",14716,DrugBank:DB11135,drug,Selenium,DrugBank:DB11135,CHEBI:27568,yes,1464,"drug_drug 1,458; enzyme 6",,,1478,"drug_drug 1,476; enzyme 2",1430,2,distinct,14716 | 14742,J7,"Selenium (the trace element) and selenious acid, one compound of it",element
33,14716+14742,80208,CHEBI:27568,Selenium,drug,apply_canonical_entity_merges pass 1: Node Normalizer,"Node Normalizer gives DrugBank:DB11135, DrugBank:DB11127 one preferred CURIE, CHEBI:27568 ('Selenium')",14742,DrugBank:DB11127,drug,Selenious acid,DrugBank:DB11127,CHEBI:27568,,1462,"drug_drug 1,456; enzyme 4; transporter 2",726,0.985,1478,"drug_drug 1,476; enzyme 2",1430,2,distinct,14716 | 14742,J7,"Selenium (the trace element) and selenious acid, one compound of it",J7: a specific compound
34,14353+14766+15755,80259,CHEBI:17234,"Dextrose, unspecified form",drug,apply_canonical_entity_merges pass 1: Node Normalizer,"Node Normalizer gives DrugBank:DB01914, DrugBank:DB09341, DrugBank:DB02379 one preferred CURIE, CHEBI:17234 ('D-glucose')",14353,DrugBank:DB01914,drug,D-glucose,DrugBank:DB01914,CHEBI:17234,,34,transporter 28; enzyme 4; carrier 2,14,0.233,36,transporter 24; drug_drug 8; enzyme 4,28,0,unclear,14353+14766 | 15755,"J1, J5","D-glucose and dextrose (same DrugBank text) are one substance under J5; beta-D-glucose is one anomer, which interconverts with the other in water, so J1 may not apply",J5: same substance as dextrose
34,14353+14766+15755,80259,CHEBI:17234,"Dextrose, unspecified form",drug,apply_canonical_entity_merges pass 1: Node Normalizer,"Node Normalizer gives DrugBank:DB01914, DrugBank:DB09341, DrugBank:DB02379 one preferred CURIE, CHEBI:17234 ('D-glucose')",14766,DrugBank:DB09341,drug,"Dextrose, unspecified form",DrugBank:DB09341,CHEBI:17234,yes,114,drug_effect 44; drug_drug 42; transporter 24; enzyme 4,,,36,transporter 24; drug_drug 8; enzyme 4,28,0,unclear,14353+14766 | 15755,"J1, J5","D-glucose and dextrose (same DrugBank text) are one substance under J5; beta-D-glucose is one anomer, which interconverts with the other in water, so J1 may not apply",dextrose
34,14353+14766+15755,80259,CHEBI:17234,"Dextrose, unspecified form",drug,apply_canonical_entity_merges pass 1: Node Normalizer,"Node Normalizer gives DrugBank:DB01914, DrugBank:DB09341, DrugBank:DB02379 one preferred CURIE, CHEBI:17234 ('D-glucose')",15755,DrugBank:DB02379,drug,Beta-D-Glucose,DrugBank:DB02379,CHEBI:17234,,46,target 42; enzyme 2; indication 2,0,0.000,36,transporter 24; drug_drug 8; enzyme 4,28,0,unclear,14353+14766 | 15755,"J1, J5","D-glucose and dextrose (same DrugBank text) are one substance under J5; beta-D-glucose is one anomer, which interconverts with the other in water, so J1 may not apply",unclear: an anomer (J1?)
35,14768+15890+16669,80261,UNII:PUE0TO3XDR,Dalteparin,drug,apply_canonical_entity_merges pass 1: Node Normalizer,"Node Normalizer gives DrugBank:DB06779, DrugBank:DB06822, DrugBank:DB09258 one preferred CURIE, UNII:PUE0TO3XDR ('Dalteparin')",14768,DrugBank:DB06779,drug,Dalteparin,DrugBank:DB06779,UNII:PUE0TO3XDR,yes,1938,"drug_drug 1,712; drug_effect 140; contraindication 56; off-label use 12; indication 8; target 8; enzyme 2",,,3742,"drug_drug 3,456; drug_effect 280; target 4; indication 2",3634,6,distinct,14768 | 15890 | 16669,evidence,"Three different low-molecular-weight heparins, each separately made and approved",dalteparin
35,14768+15890+16669,80261,UNII:PUE0TO3XDR,Dalteparin,drug,apply_canonical_entity_merges pass 1: Node Normalizer,"Node Normalizer gives DrugBank:DB06779, DrugBank:DB06822, DrugBank:DB09258 one preferred CURIE, UNII:PUE0TO3XDR ('Dalteparin')",15890,DrugBank:DB06822,drug,Tinzaparin,DrugBank:DB06822,UNII:PUE0TO3XDR,,1862,"drug_drug 1,712; drug_effect 140; target 6; enzyme 2; indication 2",927,0.953,3742,"drug_drug 3,456; drug_effect 280; target 4; indication 2",3634,6,distinct,14768 | 15890 | 16669,evidence,"Three different low-molecular-weight heparins, each separately made and approved",evidence: a different LMWH
35,14768+15890+16669,80261,UNII:PUE0TO3XDR,Dalteparin,drug,apply_canonical_entity_merges pass 1: Node Normalizer,"Node Normalizer gives DrugBank:DB06779, DrugBank:DB06822, DrugBank:DB09258 one preferred CURIE, UNII:PUE0TO3XDR ('Dalteparin')",16669,DrugBank:DB09258,drug,Bemiparin,DrugBank:DB09258,UNII:PUE0TO3XDR,,1856,"drug_drug 1,710; drug_effect 140; target 6",925,0.952,3742,"drug_drug 3,456; drug_effect 280; target 4; indication 2",3634,6,distinct,14768 | 15890 | 16669,evidence,"Three different low-molecular-weight heparins, each separately made and approved",evidence: a different LMWH
36,14792+21238,80285,CHEBI:45863,Paclitaxel,drug,apply_canonical_entity_merges pass 1: Node Normalizer,"Node Normalizer gives DrugBank:DB01229, DrugBank:DB13809 one preferred CURIE, CHEBI:45863 ('Paclitaxel')",14792,DrugBank:DB01229,drug,Paclitaxel,DrugBank:DB01229,CHEBI:45863,yes,3484,"drug_drug 2,878; drug_effect 348; contraindication 100; indication 74; off-label use 48; enzyme 12; target 12; transporter 12",,,192,drug_drug 192,118,2,distinct,14792 | 21238,J2,"Paclitaxel and paclitaxel poliglumex, a polymer-drug conjugate prodrug",parent
36,14792+21238,80285,CHEBI:45863,Paclitaxel,drug,apply_canonical_entity_merges pass 1: Node Normalizer,"Node Normalizer gives DrugBank:DB01229, DrugBank:DB13809 one preferred CURIE, CHEBI:45863 ('Paclitaxel')",21238,DrugBank:DB13809,drug,Paclitaxel poliglumex,DrugBank:DB13809,CHEBI:45863,,118,drug_drug 118,58,0.033,192,drug_drug 192,118,2,distinct,14792 | 21238,J2,"Paclitaxel and paclitaxel poliglumex, a polymer-drug conjugate prodrug",J2: polymer conjugate prodrug
37,14435+14799+15283+15331+15332+15378,80292,CHEBI:5931,Insulin human,drug,apply_canonical_entity_merges pass 1: Node Normalizer,"Node Normalizer gives DrugBank:DB09564, DrugBank:DB00030, DrugBank:DB00047, DrugBank:DB01306, DrugBank:DB01309, DrugBank:DB09456 one preferred CURIE, CHEBI:5931 ('insulin human')",14435,DrugBank:DB09564,drug,Insulin degludec,DrugBank:DB09564,CHEBI:5931,,1466,"drug_drug 1,454; indication 4; target 4; carrier 2; enzyme 2",731,0.891,7380,"drug_drug 7,028; drug_effect 304; indication 22; target 16; enzyme 10",7064,28,distinct,14435 | 14799 | 15283 | 15331 | 15332 | 15378,evidence,"Six different insulins: human insulin, four analogues with different sequences and kinetics, and beef insulin",evidence: analogue
37,14435+14799+15283+15331+15332+15378,80292,CHEBI:5931,Insulin human,drug,apply_canonical_entity_merges pass 1: Node Normalizer,"Node Normalizer gives DrugBank:DB09564, DrugBank:DB00030, DrugBank:DB00047, DrugBank:DB01306, DrugBank:DB01309, DrugBank:DB09456 one preferred CURIE, CHEBI:5931 ('insulin human')",14799,DrugBank:DB00030,drug,Insulin human,DrugBank:DB00030,CHEBI:5931,yes,1636,"drug_drug 1,458; drug_effect 152; indication 10; enzyme 8; target 8",,,7380,"drug_drug 7,028; drug_effect 304; indication 22; target 16; enzyme 10",7064,28,distinct,14435 | 14799 | 15283 | 15331 | 15332 | 15378,evidence,"Six different insulins: human insulin, four analogues with different sequences and kinetics, and beef insulin",human insulin
37,14435+14799+15283+15331+15332+15378,80292,CHEBI:5931,Insulin human,drug,apply_canonical_entity_merges pass 1: Node Normalizer,"Node Normalizer gives DrugBank:DB09564, DrugBank:DB00030, DrugBank:DB00047, DrugBank:DB01306, DrugBank:DB01309, DrugBank:DB09456 one preferred CURIE, CHEBI:5931 ('insulin human')",15283,DrugBank:DB00047,drug,Insulin glargine,DrugBank:DB00047,CHEBI:5931,,1548,"drug_drug 1,456; drug_effect 76; indication 10; target 4; enzyme 2",765,0.925,7380,"drug_drug 7,028; drug_effect 304; indication 22; target 16; enzyme 10",7064,28,distinct,14435 | 14799 | 15283 | 15331 | 15332 | 15378,evidence,"Six different insulins: human insulin, four analogues with different sequences and kinetics, and beef insulin",evidence: analogue
37,14435+14799+15283+15331+15332+15378,80292,CHEBI:5931,Insulin human,drug,apply_canonical_entity_merges pass 1: Node Normalizer,"Node Normalizer gives DrugBank:DB09564, DrugBank:DB00030, DrugBank:DB00047, DrugBank:DB01306, DrugBank:DB01309, DrugBank:DB09456 one preferred CURIE, CHEBI:5931 ('insulin human')",15331,DrugBank:DB01306,drug,Insulin aspart,DrugBank:DB01306,CHEBI:5931,,1292,"drug_drug 1,166; drug_effect 116; indication 4; target 4; enzyme 2",630,0.755,7380,"drug_drug 7,028; drug_effect 304; indication 22; target 16; enzyme 10",7064,28,distinct,14435 | 14799 | 15283 | 15331 | 15332 | 15378,evidence,"Six different insulins: human insulin, four analogues with different sequences and kinetics, and beef insulin",evidence: analogue
37,14435+14799+15283+15331+15332+15378,80292,CHEBI:5931,Insulin human,drug,apply_canonical_entity_merges pass 1: Node Normalizer,"Node Normalizer gives DrugBank:DB09564, DrugBank:DB00030, DrugBank:DB00047, DrugBank:DB01306, DrugBank:DB01309, DrugBank:DB09456 one preferred CURIE, CHEBI:5931 ('insulin human')",15332,DrugBank:DB01309,drug,Insulin glulisine,DrugBank:DB01309,CHEBI:5931,,1468,"drug_drug 1,458; indication 4; target 4; enzyme 2",733,0.895,7380,"drug_drug 7,028; drug_effect 304; indication 22; target 16; enzyme 10",7064,28,distinct,14435 | 14799 | 15283 | 15331 | 15332 | 15378,evidence,"Six different insulins: human insulin, four analogues with different sequences and kinetics, and beef insulin",evidence: analogue
37,14435+14799+15283+15331+15332+15378,80292,CHEBI:5931,Insulin human,drug,apply_canonical_entity_merges pass 1: Node Normalizer,"Node Normalizer gives DrugBank:DB09564, DrugBank:DB00030, DrugBank:DB00047, DrugBank:DB01306, DrugBank:DB01309, DrugBank:DB09456 one preferred CURIE, CHEBI:5931 ('insulin human')",15378,DrugBank:DB09456,drug,Insulin beef,DrugBank:DB09456,CHEBI:5931,,1612,"drug_drug 1,458; drug_effect 152; enzyme 2",805,0.983,7380,"drug_drug 7,028; drug_effect 304; indication 22; target 16; enzyme 10",7064,28,distinct,14435 | 14799 | 15283 | 15331 | 15332 | 15378,evidence,"Six different insulins: human insulin, four analogues with different sequences and kinetics, and beef insulin",evidence: bovine sequence
38,14804+18840,80297,CHEBI:15671,L-tartaric acid,drug,apply_canonical_entity_merges pass 1: Node Normalizer,"Node Normalizer gives DrugBank:DB09459, DrugBank:DB01694 one preferred CURIE, CHEBI:15671 ('L-tartaric acid')",14804,DrugBank:DB09459,drug,L-tartaric acid,DrugBank:DB09459,CHEBI:15671,yes,80,drug_drug 76; enzyme 4,,,0,,0,0,distinct,14804 | 18840,J1,L- and D-tartaric acid are enantiomers (known example),L
38,14804+18840,80297,CHEBI:15671,L-tartaric acid,drug,apply_canonical_entity_merges pass 1: Node Normalizer,"Node Normalizer gives DrugBank:DB09459, DrugBank:DB01694 one preferred CURIE, CHEBI:15671 ('L-tartaric acid')",18840,DrugBank:DB01694,drug,D-tartaric acid,DrugBank:DB01694,CHEBI:15671,,10,target 10,0,0.000,0,,0,0,distinct,14804 | 18840,J1,L- and D-tartaric acid are enantiomers (known example),J1: D enantiomer
39,14756+14816,80309,CHEBI:4735,Edetic acid,drug,apply_canonical_entity_merges pass 1: Node Normalizer,"Node Normalizer gives DrugBank:DB14600, DrugBank:DB00974 one preferred CURIE, CHEBI:4735 ('Edetic acid')",14756,DrugBank:DB14600,drug,Edetate disodium anhydrous,DrugBank:DB14600,CHEBI:4735,,12,enzyme 10; drug_drug 2,4,0.006,52,drug_drug 46; enzyme 6,8,0,distinct,14756 | 14816,J3,"Edetate disodium (a salt, used for hypercalcaemia) and edetic acid",J3: salt
39,14756+14816,80309,CHEBI:4735,Edetic acid,drug,apply_canonical_entity_merges pass 1: Node Normalizer,"Node Normalizer gives DrugBank:DB14600, DrugBank:DB00974 one preferred CURIE, CHEBI:4735 ('Edetic acid')",14816,DrugBank:DB00974,drug,Edetic acid,DrugBank:DB00974,CHEBI:4735,yes,1340,"drug_drug 1,302; contraindication 26; enzyme 6; indication 6",,,52,drug_drug 46; enzyme 6,8,0,distinct,14756 | 14816,J3,"Edetate disodium (a salt, used for hypercalcaemia) and edetic acid",free acid
40,14835+21149,80328,CHEBI:3011,Benazepril,drug,apply_canonical_entity_merges pass 1: Node Normalizer,"Node Normalizer gives DrugBank:DB00542, DrugBank:DB14125 one preferred CURIE, CHEBI:3011 ('Benazepril')",14835,DrugBank:DB00542,drug,Benazepril,DrugBank:DB00542,CHEBI:3011,yes,1968,"drug_drug 1,776; drug_effect 104; contraindication 70; off-label use 6; indication 4; transporter 4; enzyme 2; target 2",,,1626,"drug_drug 1,626",1600,2,distinct,14835 | 21149,J2,Benazepril is the ester prodrug; benazeprilat is its active metabolite,prodrug
40,14835+21149,80328,CHEBI:3011,Benazepril,drug,apply_canonical_entity_merges pass 1: Node Normalizer,"Node Normalizer gives DrugBank:DB00542, DrugBank:DB14125 one preferred CURIE, CHEBI:3011 ('Benazepril')",21149,DrugBank:DB14125,drug,Benazeprilat,DrugBank:DB14125,CHEBI:3011,,1612,"drug_drug 1,612",803,0.814,1626,"drug_drug 1,626",1600,2,distinct,14835 | 21149,J2,Benazepril is the ester prodrug; benazeprilat is its active metabolite,J2: active metabolite
41,14895+14896,80388,CHEBI:82717,Tedizolid phosphate,drug,apply_canonical_entity_merges pass 1: Node Normalizer,"Node Normalizer gives DrugBank:DB09042, DrugBank:DB14569 one preferred CURIE, CHEBI:82717 ('Tedizolid')",14895,DrugBank:DB09042,drug,Tedizolid phosphate,DrugBank:DB09042,CHEBI:82717,yes,780,drug_drug 770; contraindication 4; enzyme 4; indication 2,,,46,drug_drug 42; enzyme 4,42,0,distinct,14895 | 14896,J2,Tedizolid phosphate is the prodrug of tedizolid,prodrug
41,14895+14896,80388,CHEBI:82717,Tedizolid phosphate,drug,apply_canonical_entity_merges pass 1: Node Normalizer,"Node Normalizer gives DrugBank:DB09042, DrugBank:DB14569 one preferred CURIE, CHEBI:82717 ('Tedizolid')",14896,DrugBank:DB14569,drug,Tedizolid,DrugBank:DB14569,CHEBI:82717,,42,drug_drug 38; enzyme 4,21,0.054,46,drug_drug 42; enzyme 4,42,0,distinct,14895 | 14896,J2,Tedizolid phosphate is the prodrug of tedizolid,J2: active form
42,14632+14918,80411,CHEBI:16335,Adenosine,drug,apply_canonical_entity_merges pass 1: Node Normalizer,"Node Normalizer gives DrugBank:DB00131, DrugBank:DB00640 one preferred CURIE, CHEBI:16335 ('Adenosine')",14632,DrugBank:DB00131,drug,Adenosine phosphate,DrugBank:DB00131,CHEBI:16335,,42,target 32; contraindication 4; enzyme 4; indication 2,0,0.000,6,drug_drug 6,0,0,distinct,14632 | 14918,evidence,Different molecules: adenosine monophosphate (a nucleotide) and adenosine (the nucleoside),"evidence: AMP, a different molecule"
42,14632+14918,80411,CHEBI:16335,Adenosine,drug,apply_canonical_entity_merges pass 1: Node Normalizer,"Node Normalizer gives DrugBank:DB00131, DrugBank:DB00640 one preferred CURIE, CHEBI:16335 ('Adenosine')",14918,DrugBank:DB00640,drug,Adenosine,DrugBank:DB00640,CHEBI:16335,yes,1520,"drug_drug 1,346; drug_effect 110; contraindication 44; target 8; enzyme 4; off-label use 4; indication 2; transporter 2",,,6,drug_drug 6,0,0,distinct,14632 | 14918,evidence,Different molecules: adenosine monophosphate (a nucleotide) and adenosine (the nucleoside),adenosine
43,14826+14943,80436,CHEBI:231594,Levonorgestrel,drug,apply_canonical_entity_merges pass 1: Node Normalizer,"Node Normalizer gives DrugBank:DB09389, DrugBank:DB00367 one preferred CURIE, CHEBI:231594 ('Norgestrel')",14826,DrugBank:DB09389,drug,Norgestrel,DrugBank:DB09389,CHEBI:231594,,924,drug_drug 914; target 6; enzyme 4,461,0.515,976,drug_drug 968; target 6; enzyme 2,878,0,distinct,14826 | 14943,J1,Norgestrel is the racemate; levonorgestrel is its active enantiomer,J1: racemate
43,14826+14943,80436,CHEBI:231594,Levonorgestrel,drug,apply_canonical_entity_merges pass 1: Node Normalizer,"Node Normalizer gives DrugBank:DB09389, DrugBank:DB00367 one preferred CURIE, CHEBI:231594 ('Norgestrel')",14943,DrugBank:DB00367,drug,Levonorgestrel,DrugBank:DB00367,CHEBI:231594,yes,1788,"drug_drug 1,382; contraindication 228; drug_effect 150; target 12; off-label use 8; enzyme 4; indication 4",,,976,drug_drug 968; target 6; enzyme 2,878,0,distinct,14826 | 14943,J1,Norgestrel is the racemate; levonorgestrel is its active enantiomer,enantiomer
44,14392+14949,80442,CHEBI:17698,Chloramphenicol,drug,apply_canonical_entity_merges pass 1: Node Normalizer,"Node Normalizer gives DrugBank:DB07565, DrugBank:DB00446 one preferred CURIE, CHEBI:17698 ('Chloramphenicol')",14392,DrugBank:DB07565,drug,Chloramphenicol succinate,DrugBank:DB07565,CHEBI:17698,,38,drug_drug 34; carrier 2; transporter 2,17,0.019,76,drug_drug 76,34,0,distinct,14392 | 14949,J2,Chloramphenicol succinate is the ester prodrug of chloramphenicol,J2: ester prodrug
44,14392+14949,80442,CHEBI:17698,Chloramphenicol,drug,apply_canonical_entity_merges pass 1: Node Normalizer,"Node Normalizer gives DrugBank:DB07565, DrugBank:DB00446 one preferred CURIE, CHEBI:17698 ('Chloramphenicol')",14949,DrugBank:DB00446,drug,Chloramphenicol,DrugBank:DB00446,CHEBI:17698,yes,1764,"drug_drug 1,600; drug_effect 56; contraindication 54; indication 28; off-label use 14; enzyme 8; target 2; transporter 2",,,76,drug_drug 76,34,0,distinct,14392 | 14949,J2,Chloramphenicol succinate is the ester prodrug of chloramphenicol,parent
45,15003+15071,80496,CHEBI:16962,Cortisone acetate,drug,apply_canonical_entity_merges pass 1: Node Normalizer,"Node Normalizer gives DrugBank:DB01380, DrugBank:DB14681 one preferred CURIE, CHEBI:16962 ('Cortisone')",15003,DrugBank:DB01380,drug,Cortisone acetate,DrugBank:DB01380,CHEBI:16962,yes,2864,"drug_drug 2,292; indication 296; contraindication 192; off-label use 78; enzyme 4; target 2",,,1934,"drug_drug 1,930; enzyme 4",1800,0,distinct,15003 | 15071,J2,Cortisone acetate and the parent cortisone,ester
45,15003+15071,80496,CHEBI:16962,Cortisone acetate,drug,apply_canonical_entity_merges pass 1: Node Normalizer,"Node Normalizer gives DrugBank:DB01380, DrugBank:DB14681 one preferred CURIE, CHEBI:16962 ('Cortisone')",15071,DrugBank:DB14681,drug,Cortisone,DrugBank:DB14681,CHEBI:16962,,1926,"drug_drug 1,860; drug_effect 62; enzyme 4",932,0.637,1934,"drug_drug 1,930; enzyme 4",1800,0,distinct,15003 | 15071,J2,Cortisone acetate and the parent cortisone,J2: parent
46,15026+15740,80519,CHEBI:17252,Hydroxyprogesterone caproate,drug,apply_canonical_entity_merges pass 1: Node Normalizer,"Node Normalizer gives DrugBank:DB06789, DrugBank:DB14570 one preferred CURIE, CHEBI:17252 ('Hydroxyprogesterone')",15026,DrugBank:DB06789,drug,Hydroxyprogesterone caproate,DrugBank:DB06789,CHEBI:17252,yes,1426,"drug_drug 1,358; contraindication 52; off-label use 8; enzyme 6; target 2",,,282,drug_drug 280; enzyme 2,222,0,distinct,15026 | 15740,J2,Hydroxyprogesterone caproate (the drug) and 17-hydroxyprogesterone (the endogenous steroid),ester
46,15026+15740,80519,CHEBI:17252,Hydroxyprogesterone caproate,drug,apply_canonical_entity_merges pass 1: Node Normalizer,"Node Normalizer gives DrugBank:DB06789, DrugBank:DB14570 one preferred CURIE, CHEBI:17252 ('Hydroxyprogesterone')",15740,DrugBank:DB14570,drug,Hydroxyprogesterone,DrugBank:DB14570,CHEBI:17252,,266,drug_drug 224; drug_effect 40; enzyme 2,113,0.154,282,drug_drug 280; enzyme 2,222,0,distinct,15026 | 15740,J2,Hydroxyprogesterone caproate (the drug) and 17-hydroxyprogesterone (the endogenous steroid),J2: parent
47,14970+15064,80557,CHEBI:6970,Mometasone furoate,drug,apply_canonical_entity_merges pass 1: Node Normalizer,"Node Normalizer gives DrugBank:DB00764, DrugBank:DB14512 one preferred CURIE, CHEBI:6970 ('Mometasone')",14970,DrugBank:DB00764,drug,Mometasone,DrugBank:DB00764,CHEBI:6970,,2250,"drug_drug 2,166; drug_effect 74; enzyme 6; target 4",1072,0.873,2214,"drug_drug 2,204; enzyme 6; target 4",2078,2,distinct,14970 | 15064,J2,Mometasone and its furoate ester (the marketed form),J2: parent
47,14970+15064,80557,CHEBI:6970,Mometasone furoate,drug,apply_canonical_entity_merges pass 1: Node Normalizer,"Node Normalizer gives DrugBank:DB00764, DrugBank:DB14512 one preferred CURIE, CHEBI:6970 ('Mometasone')",15064,DrugBank:DB14512,drug,Mometasone furoate,DrugBank:DB14512,CHEBI:6970,yes,2350,"drug_drug 2,172; contraindication 128; indication 40; enzyme 6; target 4",,,2214,"drug_drug 2,204; enzyme 6; target 4",2078,2,distinct,14970 | 15064,J2,Mometasone and its furoate ester (the marketed form),ester
48,15127+21386,80620,CHEBI:8028,Perphenazine,drug,apply_canonical_entity_merges pass 1: Node Normalizer,"Node Normalizer gives DrugBank:DB00850, DrugBank:DB14651 one preferred CURIE, CHEBI:8028 ('Perphenazine')",15127,DrugBank:DB00850,drug,Perphenazine,DrugBank:DB00850,CHEBI:8028,yes,2770,"drug_drug 2,496; drug_effect 136; contraindication 114; enzyme 14; target 6; indication 4",,,1818,"drug_drug 1,818",1762,2,distinct,15127 | 21386,J2,Perphenazine and its enanthate depot ester,parent
48,15127+21386,80620,CHEBI:8028,Perphenazine,drug,apply_canonical_entity_merges pass 1: Node Normalizer,"Node Normalizer gives DrugBank:DB00850, DrugBank:DB14651 one preferred CURIE, CHEBI:8028 ('Perphenazine')",21386,DrugBank:DB14651,drug,Perphenazine enanthate,DrugBank:DB14651,CHEBI:8028,,1782,"drug_drug 1,782",889,0.641,1818,"drug_drug 1,818",1762,2,distinct,15127 | 21386,J2,Perphenazine and its enanthate depot ester,J2: ester
49,15227+15731,80720,CHEBI:85155,Netupitant,drug,apply_canonical_entity_merges pass 1: Node Normalizer,"Node Normalizer gives DrugBank:DB09048, DrugBank:DB14019 one preferred CURIE, CHEBI:85155 ('Netupitant')",15227,DrugBank:DB09048,drug,Netupitant,DrugBank:DB09048,CHEBI:85155,yes,1860,"drug_drug 1,848; enzyme 8; target 2; transporter 2",,,462,drug_drug 458; enzyme 2; target 2,414,2,distinct,15227 | 15731,J2,Fosnetupitant is the intravenous prodrug of netupitant,parent
49,15227+15731,80720,CHEBI:85155,Netupitant,drug,apply_canonical_entity_merges pass 1: Node Normalizer,"Node Normalizer gives DrugBank:DB09048, DrugBank:DB14019 one preferred CURIE, CHEBI:85155 ('Netupitant')",15731,DrugBank:DB14019,drug,Fosnetupitant,DrugBank:DB14019,CHEBI:85155,,414,drug_drug 410; enzyme 2; target 2,206,0.221,462,drug_drug 458; enzyme 2; target 2,414,2,distinct,15227 | 15731,J2,Fosnetupitant is the intravenous prodrug of netupitant,J2: prodrug
50,14575+15260,80753,CHEBI:4464,Dexchlorpheniramine,drug,apply_canonical_entity_merges pass 1: Node Normalizer,"Node Normalizer gives DrugBank:DB09555, DrugBank:DB13679 one preferred CURIE, CHEBI:4464 ('Dexchlorpheniramine')",14575,DrugBank:DB09555,drug,Dexchlorpheniramine maleate,DrugBank:DB09555,CHEBI:4464,,1484,"drug_drug 1,474; carrier 4; enzyme 4; target 2",692,0.777,1398,"drug_drug 1,396; enzyme 2",1382,2,distinct,14575 | 15260,J3,Dexchlorpheniramine maleate (the salt) and dexchlorpheniramine,J3: salt
50,14575+15260,80753,CHEBI:4464,Dexchlorpheniramine,drug,apply_canonical_entity_merges pass 1: Node Normalizer,"Node Normalizer gives DrugBank:DB09555, DrugBank:DB13679 one preferred CURIE, CHEBI:4464 ('Dexchlorpheniramine')",15260,DrugBank:DB13679,drug,Dexchlorpheniramine,DrugBank:DB13679,CHEBI:4464,yes,1682,"drug_drug 1,404; contraindication 188; drug_effect 72; indication 16; enzyme 2",,,1398,"drug_drug 1,396; enzyme 2",1382,2,distinct,14575 | 15260,J3,Dexchlorpheniramine maleate (the salt) and dexchlorpheniramine,free base
51,15304+15754,80797,CHEBI:92998,Guanabenz,drug,apply_canonical_entity_merges pass 1: Node Normalizer,"Node Normalizer gives DrugBank:DB00629, DrugBank:DB00702 one preferred CURIE, CHEBI:92998 ('Guanabenz')",15304,DrugBank:DB00629,drug,Guanabenz,DrugBank:DB00629,CHEBI:92998,yes,2040,"drug_drug 2,006; contraindication 24; indication 4; target 4; enzyme 2",,,24,drug_drug 24,0,0,distinct,15304 | 15754,evidence,Unrelated drugs: guanabenz (an alpha-2 agonist) and icodextrin (a glucose polymer for peritoneal dialysis). Node Normalizer conflated them,guanabenz
51,15304+15754,80797,CHEBI:92998,Guanabenz,drug,apply_canonical_entity_merges pass 1: Node Normalizer,"Node Normalizer gives DrugBank:DB00629, DrugBank:DB00702 one preferred CURIE, CHEBI:92998 ('Guanabenz')",15754,DrugBank:DB00702,drug,Icodextrin,DrugBank:DB00702,CHEBI:92998,,2,enzyme 2,0,0.000,24,drug_drug 24,0,0,distinct,15304 | 15754,evidence,Unrelated drugs: guanabenz (an alpha-2 agonist) and icodextrin (a glucose polymer for peritoneal dialysis). Node Normalizer conflated them,"evidence: icodextrin, an unrelated drug"
52,15467+15724,80960,CHEBI:50785,Ethynodiol diacetate,drug,apply_canonical_entity_merges pass 1: Node Normalizer,"Node Normalizer gives DrugBank:DB00823, DrugBank:DB13866 one preferred CURIE, CHEBI:50785 ('Etynodiol')",15467,DrugBank:DB00823,drug,Ethynodiol diacetate,DrugBank:DB00823,CHEBI:50785,yes,1172,"drug_drug 1,066; contraindication 98; target 4; enzyme 2; off-label use 2",,,884,drug_drug 882; enzyme 2,786,0,distinct,15467 | 15724,J2,"Ethynodiol diacetate (the marketed ester) and etynodiol (never marketed, per DrugBank)",ester
52,15467+15724,80960,CHEBI:50785,Ethynodiol diacetate,drug,apply_canonical_entity_merges pass 1: Node Normalizer,"Node Normalizer gives DrugBank:DB00823, DrugBank:DB13866 one preferred CURIE, CHEBI:50785 ('Etynodiol')",15724,DrugBank:DB13866,drug,Etynodiol,DrugBank:DB13866,CHEBI:50785,,830,drug_drug 828; enzyme 2,415,0.708,884,drug_drug 882; enzyme 2,786,0,distinct,15467 | 15724,J2,"Ethynodiol diacetate (the marketed ester) and etynodiol (never marketed, per DrugBank)",J2: parent
53,15468+20335,80961,CHEBI:25187,Levomenthol,drug,apply_canonical_entity_merges pass 1: Node Normalizer,"Node Normalizer gives DrugBank:DB00825, DrugBank:DB14123 one preferred CURIE, CHEBI:25187 ('Menthol')",15468,DrugBank:DB00825,drug,Levomenthol,DrugBank:DB00825,CHEBI:25187,yes,1324,"drug_drug 1,296; target 26; enzyme 2",,,12,drug_drug 12,0,0,distinct,15468 | 20335,J1,Levomenthol is one enantiomer; racementhol is the racemate,enantiomer
53,15468+20335,80961,CHEBI:25187,Levomenthol,drug,apply_canonical_entity_merges pass 1: Node Normalizer,"Node Normalizer gives DrugBank:DB00825, DrugBank:DB14123 one preferred CURIE, CHEBI:25187 ('Menthol')",20335,DrugBank:DB14123,drug,Racementhol,DrugBank:DB14123,CHEBI:25187,,122,contraindication 112; indication 10,0,0.000,12,drug_drug 12,0,0,distinct,15468 | 20335,J1,Levomenthol is one enantiomer; racementhol is the racemate,J1: racemate
54,15487+15581,80980,CHEBI:16973,Desoxycorticosterone pivalate,drug,apply_canonical_entity_merges pass 1: Node Normalizer,"Node Normalizer gives DrugBank:DB01134, DrugBank:DB06780 one preferred CURIE, CHEBI:16973 ('desoxycortone')",15487,DrugBank:DB01134,drug,Desoxycorticosterone pivalate,DrugBank:DB01134,CHEBI:16973,yes,18,drug_drug 14; enzyme 2; target 2,,,18,drug_drug 14; enzyme 2; target 2,18,0,distinct,15487 | 15581,J2,"Two different esters of desoxycorticosterone (pivalate, acetate)",ester (pivalate)
54,15487+15581,80980,CHEBI:16973,Desoxycorticosterone pivalate,drug,apply_canonical_entity_merges pass 1: Node Normalizer,"Node Normalizer gives DrugBank:DB01134, DrugBank:DB06780 one preferred CURIE, CHEBI:16973 ('desoxycortone')",15581,DrugBank:DB06780,drug,Desoxycorticosterone acetate,DrugBank:DB06780,CHEBI:16973,,18,drug_drug 14; enzyme 2; target 2,9,1.000,18,drug_drug 14; enzyme 2; target 2,18,0,distinct,15487 | 15581,J2,"Two different esters of desoxycorticosterone (pivalate, acetate)",J2: a different ester (acetate)
55,15579+15897,81072,CHEBI:135590,Ambroxol,drug,apply_canonical_entity_merges pass 1: Node Normalizer,"Node Normalizer gives DrugBank:DB06742, DrugBank:DB13141 one preferred CURIE, CHEBI:135590 ('Ambroxol')",15579,DrugBank:DB06742,drug,Ambroxol,DrugBank:DB06742,CHEBI:135590,yes,18,drug_drug 14; enzyme 2; indication 2,,,2,enzyme 2,2,0,distinct,15579 | 15897,evidence,"Ambroxol acefyllinate adds a second active ingredient (acefylline, a xanthine)",ambroxol
55,15579+15897,81072,CHEBI:135590,Ambroxol,drug,apply_canonical_entity_merges pass 1: Node Normalizer,"Node Normalizer gives DrugBank:DB06742, DrugBank:DB13141 one preferred CURIE, CHEBI:135590 ('Ambroxol')",15897,DrugBank:DB13141,drug,Ambroxol acefyllinate,DrugBank:DB13141,CHEBI:135590,,8,enzyme 8,1,0.083,2,enzyme 2,2,0,distinct,15579 | 15897,evidence,"Ambroxol acefyllinate adds a second active ingredient (acefylline, a xanthine)",evidence: second active ingredient
56,15070+15651,81144,CHEBI:34831,Melengestrol,drug,apply_canonical_entity_merges pass 1: Node Normalizer,"Node Normalizer gives DrugBank:DB14659, DrugBank:DB11529 one preferred CURIE, CHEBI:34831 ('melengestrol')",15070,DrugBank:DB14659,drug,Melengestrol acetate,DrugBank:DB14659,CHEBI:34831,,1704,"drug_drug 1,700; enzyme 4",650,0.574,1370,"drug_drug 1,368; enzyme 2",1240,0,distinct,15070 | 15651,J2,Melengestrol and its acetate ester,J2: ester
56,15070+15651,81144,CHEBI:34831,Melengestrol,drug,apply_canonical_entity_merges pass 1: Node Normalizer,"Node Normalizer gives DrugBank:DB14659, DrugBank:DB11529 one preferred CURIE, CHEBI:34831 ('melengestrol')",15651,DrugBank:DB11529,drug,Melengestrol,DrugBank:DB11529,CHEBI:34831,yes,1860,"drug_drug 1,858; enzyme 2",,,1370,"drug_drug 1,368; enzyme 2",1240,0,distinct,15070 | 15651,J2,Melengestrol and its acetate ester,parent
57,15641+15708,81201,CHEBI:59919,Dihydroergocryptine,drug,apply_canonical_entity_merges pass 1: Node Normalizer,"Node Normalizer gives DrugBank:DB11274, DrugBank:DB13385 one preferred CURIE, CHEBI:59919 ('Dihydro-alpha-ergocryptine')",15641,DrugBank:DB11274,drug,Dihydro-alpha-ergocryptine,DrugBank:DB11274,CHEBI:59919,,24,drug_drug 14; target 8; enzyme 2,8,0.008,56,drug_drug 54; enzyme 2,16,0,unclear,15641 | 15708,J7,DrugBank's own text says alpha-dihydroergocryptine 'is usually referred to the mixture' of alpha and beta; mixture vs component (J7) or one drug under two names,unclear: alpha isomer or the mixture
57,15641+15708,81201,CHEBI:59919,Dihydroergocryptine,drug,apply_canonical_entity_merges pass 1: Node Normalizer,"Node Normalizer gives DrugBank:DB11274, DrugBank:DB13385 one preferred CURIE, CHEBI:59919 ('Dihydro-alpha-ergocryptine')",15708,DrugBank:DB13385,drug,Dihydroergocryptine,DrugBank:DB13385,CHEBI:59919,yes,2104,"drug_drug 2,102; enzyme 2",,,56,drug_drug 54; enzyme 2,16,0,unclear,15641 | 15708,J7,DrugBank's own text says alpha-dihydroergocryptine 'is usually referred to the mixture' of alpha and beta; mixture vs component (J7) or one drug under two names,dihydroergocryptine
58,15658+15729,81222,CHEBI:135564,Nomegestrol acetate,drug,apply_canonical_entity_merges pass 1: Node Normalizer,"Node Normalizer gives DrugBank:DB11636, DrugBank:DB13981 one preferred CURIE, CHEBI:135564 ('Nomegestrol acetate')",15658,DrugBank:DB11636,drug,Nomegestrol,DrugBank:DB11636,CHEBI:135564,,830,drug_drug 828; enzyme 2,415,0.906,874,drug_drug 872; enzyme 2,786,0,distinct,15658 | 15729,J2,Nomegestrol and its acetate ester,J2: parent
58,15658+15729,81222,CHEBI:135564,Nomegestrol acetate,drug,apply_canonical_entity_merges pass 1: Node Normalizer,"Node Normalizer gives DrugBank:DB11636, DrugBank:DB13981 one preferred CURIE, CHEBI:135564 ('Nomegestrol acetate')",15729,DrugBank:DB13981,drug,Nomegestrol acetate,DrugBank:DB13981,CHEBI:135564,yes,916,drug_drug 914; enzyme 2,,,874,drug_drug 872; enzyme 2,786,0,distinct,15658 | 15729,J2,Nomegestrol and its acetate ester,ester
59,15620+15741,81234,CHEBI:174358,Eslicarbazepine,drug,apply_canonical_entity_merges pass 1: Node Normalizer,"Node Normalizer gives DrugBank:DB09119, DrugBank:DB14575 one preferred CURIE, CHEBI:174358 ('Eslicarbazepine')",15620,DrugBank:DB09119,drug,Eslicarbazepine acetate,DrugBank:DB09119,CHEBI:174358,,2100,"drug_drug 2,088; enzyme 6; indication 4; target 2",1046,0.971,2130,"drug_drug 2,122; enzyme 6; target 2",2058,2,distinct,15620 | 15741,J2,Eslicarbazepine acetate is the prodrug of eslicarbazepine,J2: prodrug
59,15620+15741,81234,CHEBI:174358,Eslicarbazepine,drug,apply_canonical_entity_merges pass 1: Node Normalizer,"Node Normalizer gives DrugBank:DB09119, DrugBank:DB14575 one preferred CURIE, CHEBI:174358 ('Eslicarbazepine')",15741,DrugBank:DB14575,drug,Eslicarbazepine,DrugBank:DB14575,CHEBI:174358,yes,2146,"drug_drug 2,088; drug_effect 50; enzyme 6; target 2",,,2130,"drug_drug 2,122; enzyme 6; target 2",2058,2,distinct,15620 | 15741,J2,Eslicarbazepine acetate is the prodrug of eslicarbazepine,active form
60,15771+15803,81264,CHEBI:102484,Sulfisoxazole,drug,apply_canonical_entity_merges pass 1: Node Normalizer,"Node Normalizer gives DrugBank:DB00263, DrugBank:DB14033 one preferred CURIE, CHEBI:102484 ('Sulfisoxazole')",15771,DrugBank:DB00263,drug,Sulfisoxazole,DrugBank:DB00263,CHEBI:102484,yes,2030,"drug_drug 1,918; contraindication 70; indication 30; off-label use 10; enzyme 2",,,692,drug_drug 690; enzyme 2,598,2,distinct,15771 | 15803,J2,Acetyl sulfisoxazole is an ester of sulfisoxazole,parent
60,15771+15803,81264,CHEBI:102484,Sulfisoxazole,drug,apply_canonical_entity_merges pass 1: Node Normalizer,"Node Normalizer gives DrugBank:DB00263, DrugBank:DB14033 one preferred CURIE, CHEBI:102484 ('Sulfisoxazole')",15803,DrugBank:DB14033,drug,Acetyl sulfisoxazole,DrugBank:DB14033,CHEBI:102484,,624,drug_drug 622; enzyme 2,311,0.306,692,drug_drug 690; enzyme 2,598,2,distinct,15771 | 15803,J2,Acetyl sulfisoxazole is an ester of sulfisoxazole,J2: ester
61,15817+20851,81310,CHEBI:2469,Adefovir dipivoxil,drug,apply_canonical_entity_merges pass 1: Node Normalizer,"Node Normalizer gives DrugBank:DB00718, DrugBank:DB13868 one preferred CURIE, CHEBI:2469 ('Adefovir')",15817,DrugBank:DB00718,drug,Adefovir dipivoxil,DrugBank:DB00718,CHEBI:2469,yes,1618,"drug_drug 1,522; drug_effect 64; contraindication 14; enzyme 8; transporter 8; indication 2",,,1434,"drug_drug 1,434",1388,2,distinct,15817 | 20851,J2,Adefovir dipivoxil is the diester prodrug of adefovir,prodrug
61,15817+20851,81310,CHEBI:2469,Adefovir dipivoxil,drug,apply_canonical_entity_merges pass 1: Node Normalizer,"Node Normalizer gives DrugBank:DB00718, DrugBank:DB13868 one preferred CURIE, CHEBI:2469 ('Adefovir')",20851,DrugBank:DB13868,drug,Adefovir,DrugBank:DB13868,CHEBI:2469,,1410,"drug_drug 1,410",704,0.869,1434,"drug_drug 1,434",1388,2,distinct,15817 | 20851,J2,Adefovir dipivoxil is the diester prodrug of adefovir,J2: parent
62,16036+20971,81534,CHEBI:28939,Acetylcysteine,drug,apply_canonical_entity_merges pass 1: Node Normalizer,"Node Normalizer gives DrugBank:DB06151, DrugBank:DB14479 one preferred CURIE, CHEBI:28939 ('Acetylcysteine')",16036,DrugBank:DB06151,drug,Acetylcysteine,DrugBank:DB06151,CHEBI:28939,yes,222,drug_drug 110; drug_effect 56; target 20; indication 16; contraindication 12; off-label use 4; transporter 4,,,0,,0,0,distinct,16036 | 20971,J3,Acetylcysteine and its zinc salt,parent
62,16036+20971,81534,CHEBI:28939,Acetylcysteine,drug,apply_canonical_entity_merges pass 1: Node Normalizer,"Node Normalizer gives DrugBank:DB06151, DrugBank:DB14479 one preferred CURIE, CHEBI:28939 ('Acetylcysteine')",20971,DrugBank:DB14479,drug,Acetylcysteine zinc,DrugBank:DB14479,CHEBI:28939,,120,drug_drug 120,0,0.000,0,,0,0,distinct,16036 | 20971,J3,Acetylcysteine and its zinc salt,J3: zinc salt
63,16057+16061,81559,CHEBI:92712,Atropine,drug,apply_canonical_entity_merges pass 1: Node Normalizer,"Node Normalizer gives DrugBank:DB00424, DrugBank:DB00572 one preferred CURIE, CHEBI:92712 ('ENDO-ATROPINE')",16057,DrugBank:DB00424,drug,Hyoscyamine,DrugBank:DB00424,CHEBI:92712,,2910,"drug_drug 2,498; drug_effect 196; contraindication 194; off-label use 12; target 8; indication 2",1335,0.773,2698,"drug_drug 2,494; drug_effect 196; target 8",2646,0,distinct,16057 | 16061,J1,Hyoscyamine is the L-enantiomer; atropine is the racemate,J1: enantiomer
63,16057+16061,81559,CHEBI:92712,Atropine,drug,apply_canonical_entity_merges pass 1: Node Normalizer,"Node Normalizer gives DrugBank:DB00424, DrugBank:DB00572 one preferred CURIE, CHEBI:92712 ('ENDO-ATROPINE')",16061,DrugBank:DB00572,drug,Atropine,DrugBank:DB00572,CHEBI:92712,yes,3216,"drug_drug 3,002; drug_effect 196; target 16; transporter 2",,,2698,"drug_drug 2,494; drug_effect 196; target 8",2646,0,distinct,16057 | 16061,J1,Hyoscyamine is the L-enantiomer; atropine is the racemate,racemate
64,16179+18412,81677,CHEMBL.COMPOUND:CHEMBL2108455,Turoctocog alfa,drug,apply_canonical_entity_merges pass 1: Node Normalizer,"Node Normalizer gives DrugBank:DB09109, DrugBank:DB11606 one preferred CURIE, CHEMBL.COMPOUND:CHEMBL2108455 ('octocog alfa')",16179,DrugBank:DB09109,drug,Turoctocog alfa,DrugBank:DB09109,CHEMBL.COMPOUND:CHEMBL2108455,yes,200,drug_drug 190; target 6; indication 4,,,194,drug_drug 194,186,0,distinct,16179 | 18412,evidence,Different factor VIII molecules: human sequence (turoctocog) and porcine sequence (susoctocog),human sequence
64,16179+18412,81677,CHEMBL.COMPOUND:CHEMBL2108455,Turoctocog alfa,drug,apply_canonical_entity_merges pass 1: Node Normalizer,"Node Normalizer gives DrugBank:DB09109, DrugBank:DB11606 one preferred CURIE, CHEMBL.COMPOUND:CHEMBL2108455 ('octocog alfa')",18412,DrugBank:DB11606,drug,Susoctocog alfa,DrugBank:DB11606,CHEMBL.COMPOUND:CHEMBL2108455,,194,drug_drug 190; indication 2; target 2,95,0.931,194,drug_drug 194,186,0,distinct,16179 | 18412,evidence,Different factor VIII molecules: human sequence (turoctocog) and porcine sequence (susoctocog),evidence: porcine sequence
65,16217+17034,81715,CHEBI:17115,Serine,drug,apply_canonical_entity_merges pass 1: Node Normalizer,"Node Normalizer gives DrugBank:DB00133, DrugBank:DB03929 one preferred CURIE, CHEBI:17115 ('Serine')",16217,DrugBank:DB00133,drug,Serine,DrugBank:DB00133,CHEBI:17115,yes,98,contraindication 66; target 14; off-label use 12; indication 4; transporter 2,,,2,transporter 2,2,0,distinct,16217 | 17034,J1,L-serine and D-serine are enantiomers,L
65,16217+17034,81715,CHEBI:17115,Serine,drug,apply_canonical_entity_merges pass 1: Node Normalizer,"Node Normalizer gives DrugBank:DB00133, DrugBank:DB03929 one preferred CURIE, CHEBI:17115 ('Serine')",17034,DrugBank:DB03929,drug,D-Serine,DrugBank:DB03929,CHEBI:17115,,10,target 6; transporter 4,1,0.019,2,transporter 2,2,0,distinct,16217 | 17034,J1,L-serine and D-serine are enantiomers,J1: D enantiomer
66,16294+16296,81792,CHEBI:132767,Ferric pyrophosphate,drug,apply_canonical_entity_merges pass 1: Node Normalizer,"Node Normalizer gives DrugBank:DB09147, DrugBank:DB13995 one preferred CURIE, CHEBI:132767 ('Ferric pyrophosphate')",16294,DrugBank:DB09147,drug,Ferric pyrophosphate,DrugBank:DB09147,CHEBI:132767,yes,318,drug_drug 312; target 6,,,152,drug_drug 146; target 6,144,2,distinct,16294 | 16296,evidence,"Different iron complexes: ferric pyrophosphate (insoluble) and ferric pyrophosphate citrate (soluble, per DrugBank)",pyrophosphate
66,16294+16296,81792,CHEBI:132767,Ferric pyrophosphate,drug,apply_canonical_entity_merges pass 1: Node Normalizer,"Node Normalizer gives DrugBank:DB09147, DrugBank:DB13995 one preferred CURIE, CHEBI:132767 ('Ferric pyrophosphate')",16296,DrugBank:DB13995,drug,Ferric pyrophosphate citrate,DrugBank:DB13995,CHEBI:132767,,148,drug_drug 140; target 8,72,0.447,152,drug_drug 146; target 6,144,2,distinct,16294 | 16296,evidence,"Different iron complexes: ferric pyrophosphate (insoluble) and ferric pyrophosphate citrate (soluble, per DrugBank)",evidence: a different complex
67,14114+16341,81840,CHEBI:18248,Iron,drug,apply_canonical_entity_merges pass 1: Node Normalizer,"Node Normalizer gives DrugBank:DB00893, DrugBank:DB01592 one preferred CURIE, CHEBI:18248 ('Iron')",14114,DrugBank:DB00893,drug,Iron Dextran,DrugBank:DB00893,CHEBI:18248,,284,drug_drug 274; target 8; carrier 2,136,0.810,278,drug_drug 274; target 4,266,0,distinct,14114 | 16341,J7,Iron (the element) and iron dextran (one specific complex),J7: a specific complex
67,14114+16341,81840,CHEBI:18248,Iron,drug,apply_canonical_entity_merges pass 1: Node Normalizer,"Node Normalizer gives DrugBank:DB00893, DrugBank:DB01592 one preferred CURIE, CHEBI:18248 ('Iron')",16341,DrugBank:DB01592,drug,Iron,DrugBank:DB01592,CHEBI:18248,yes,324,drug_drug 268; target 26; contraindication 18; indication 12,,,278,drug_drug 274; target 4,266,0,distinct,14114 | 16341,J7,Iron (the element) and iron dextran (one specific complex),element
68,16436+16463,81935,CHEBI:34584,Boldenone,drug,apply_canonical_entity_merges pass 1: Node Normalizer,"Node Normalizer gives DrugBank:DB01541, DrugBank:DB14639 one preferred CURIE, CHEBI:34584 ('Boldenone')",16436,DrugBank:DB01541,drug,Boldenone,DrugBank:DB01541,CHEBI:34584,yes,294,drug_drug 292; target 2,,,30,drug_drug 28; target 2,2,0,distinct,16436 | 16463,J2,Boldenone and its undecylenate ester,parent
68,16436+16463,81935,CHEBI:34584,Boldenone,drug,apply_canonical_entity_merges pass 1: Node Normalizer,"Node Normalizer gives DrugBank:DB01541, DrugBank:DB14639 one preferred CURIE, CHEBI:34584 ('Boldenone')",16463,DrugBank:DB14639,drug,Boldenone undecylenate,DrugBank:DB14639,CHEBI:34584,,2,target 2,1,0.007,30,drug_drug 28; target 2,2,0,distinct,16436 | 16463,J2,Boldenone and its undecylenate ester,J2: ester
69,16892+21400,82393,CHEBI:232390,Secretin human,drug,apply_canonical_entity_merges pass 1: Node Normalizer,"Node Normalizer gives DrugBank:DB09532, DrugBank:DB09527 one preferred CURIE, CHEBI:232390 ('CID 102090385')",16892,DrugBank:DB09532,drug,Secretin human,DrugBank:DB09532,CHEBI:232390,yes,390,drug_drug 326; drug_effect 46; contraindication 16; target 2,,,334,drug_drug 334,318,0,distinct,16892 | 21400,evidence,Different peptides: human and porcine secretin (MW 3039.46 vs 3055.46),human
69,16892+21400,82393,CHEBI:232390,Secretin human,drug,apply_canonical_entity_merges pass 1: Node Normalizer,"Node Normalizer gives DrugBank:DB09532, DrugBank:DB09527 one preferred CURIE, CHEBI:232390 ('CID 102090385')",21400,DrugBank:DB09527,drug,Secretin porcine,DrugBank:DB09527,CHEBI:232390,,326,drug_drug 326,163,0.836,334,drug_drug 334,318,0,distinct,16892 | 21400,evidence,Different peptides: human and porcine secretin (MW 3039.46 vs 3055.46),evidence: porcine sequence
70,14081+17023,82524,CHEBI:78538,Tafamidis,drug,apply_canonical_entity_merges pass 1: Node Normalizer,"Node Normalizer gives DrugBank:DB05352, DrugBank:DB11644 one preferred CURIE, CHEBI:78538 ('Fx-1006A')",14081,DrugBank:DB05352,drug,Fx-1006A,DrugBank:DB05352,CHEBI:78538,,2,carrier 2,0,0.000,6,drug_drug 6,0,0,distinct,14081 | 17023,J3,"Fx-1006A is tafamidis meglumine (DrugBank's tafamidis text says so), the salt; tafamidis is the free acid",J3: meglumine salt
70,14081+17023,82524,CHEBI:78538,Tafamidis,drug,apply_canonical_entity_merges pass 1: Node Normalizer,"Node Normalizer gives DrugBank:DB05352, DrugBank:DB11644 one preferred CURIE, CHEBI:78538 ('Fx-1006A')",17023,DrugBank:DB11644,drug,Tafamidis,DrugBank:DB11644,CHEBI:78538,yes,350,drug_drug 334; indication 8; transporter 6; target 2,,,6,drug_drug 6,0,0,distinct,14081 | 17023,J3,"Fx-1006A is tafamidis meglumine (DrugBank's tafamidis text says so), the salt; tafamidis is the free acid",free acid
71,17104+17105,82605,CHEBI:81569,Follitropin,drug,apply_canonical_entity_merges pass 1: Node Normalizer,"Node Normalizer gives DrugBank:DB00066, DrugBank:DB00094 one preferred CURIE, CHEBI:81569 ('Follitropin')",17104,DrugBank:DB00066,drug,Follitropin,DrugBank:DB00066,CHEBI:81569,yes,376,drug_drug 374; target 2,,,4,drug_drug 2; target 2,2,0,distinct,17104 | 17105,J6,Recombinant follitropin and urine-derived urofollitropin,recombinant
71,17104+17105,82605,CHEBI:81569,Follitropin,drug,apply_canonical_entity_merges pass 1: Node Normalizer,"Node Normalizer gives DrugBank:DB00066, DrugBank:DB00094 one preferred CURIE, CHEBI:81569 ('Follitropin')",17105,DrugBank:DB00094,drug,Urofollitropin,DrugBank:DB00094,CHEBI:81569,,180,drug_effect 178; target 2,1,0.004,4,drug_drug 2; target 2,2,0,distinct,17104 | 17105,J6,Recombinant follitropin and urine-derived urofollitropin,J6: urine-derived
72,17282+19675,82785,UNII:MRL3739G66,Lutetium Lu 177 dotatate,drug,apply_canonical_entity_merges pass 1: Node Normalizer,"Node Normalizer gives DrugBank:DB13985, DrugBank:DB13925 one preferred CURIE, UNII:MRL3739G66 ('Dotatate')",17282,DrugBank:DB13985,drug,Lutetium Lu 177 dotatate,DrugBank:DB13985,UNII:MRL3739G66,yes,24,drug_drug 10; target 10; indication 4,,,12,drug_drug 10; target 2,12,0,distinct,17282 | 19675,J4,One peptide with two radionuclides: Lu-177 dotatate (therapy) and Ga-68 dotatate (imaging),Lu-177 (therapy)
72,17282+19675,82785,UNII:MRL3739G66,Lutetium Lu 177 dotatate,drug,apply_canonical_entity_merges pass 1: Node Normalizer,"Node Normalizer gives DrugBank:DB13985, DrugBank:DB13925 one preferred CURIE, UNII:MRL3739G66 ('Dotatate')",19675,DrugBank:DB13925,drug,Dotatate gallium Ga-68,DrugBank:DB13925,UNII:MRL3739G66,,12,drug_drug 10; target 2,6,0.500,12,drug_drug 10; target 2,12,0,distinct,17282 | 19675,J4,One peptide with two radionuclides: Lu-177 dotatate (therapy) and Ga-68 dotatate (imaging),J4: Ga-68 (imaging)
73,17302+19699,82807,CHEBI:15553,Dinoprost tromethamine,drug,apply_canonical_entity_merges pass 1: Node Normalizer,"Node Normalizer gives DrugBank:DB01160, DrugBank:DB12789 one preferred CURIE, CHEBI:15553 ('Dinoprost')",17302,DrugBank:DB01160,drug,Dinoprost tromethamine,DrugBank:DB01160,CHEBI:15553,yes,228,drug_drug 210; transporter 14; target 4,,,2,drug_drug 2,2,0,distinct,17302 | 19699,J3,Dinoprost tromethamine (the salt) and dinoprost,salt
73,17302+19699,82807,CHEBI:15553,Dinoprost tromethamine,drug,apply_canonical_entity_merges pass 1: Node Normalizer,"Node Normalizer gives DrugBank:DB01160, DrugBank:DB12789 one preferred CURIE, CHEBI:15553 ('Dinoprost')",19699,DrugBank:DB12789,drug,Dinoprost,DrugBank:DB12789,CHEBI:15553,,98,contraindication 70; drug_effect 20; indication 4; drug_drug 2; target 2,1,0.006,2,drug_drug 2,2,0,distinct,17302 | 19699,J3,Dinoprost tromethamine (the salt) and dinoprost,J3: free acid
74,17332+20956,82837,CHEBI:81567,Thyrotropin alfa,drug,apply_canonical_entity_merges pass 1: Node Normalizer,"Node Normalizer gives DrugBank:DB00024, DrugBank:DB15263 one preferred CURIE, CHEBI:81567 ('Thyrotropin')",17332,DrugBank:DB00024,drug,Thyrotropin alfa,DrugBank:DB00024,CHEBI:81567,yes,970,drug_drug 944; drug_effect 24; target 2,,,402,drug_drug 402,372,0,distinct,17332 | 20956,J6,Recombinant thyrotropin alfa and endogenous thyrotropin,recombinant
74,17332+20956,82837,CHEBI:81567,Thyrotropin alfa,drug,apply_canonical_entity_merges pass 1: Node Normalizer,"Node Normalizer gives DrugBank:DB00024, DrugBank:DB15263 one preferred CURIE, CHEBI:81567 ('Thyrotropin')",20956,DrugBank:DB15263,drug,Thyrotropin,DrugBank:DB15263,CHEBI:81567,,374,drug_drug 374,187,0.386,402,drug_drug 402,372,0,distinct,17332 | 20956,J6,Recombinant thyrotropin alfa and endogenous thyrotropin,J6: endogenous hormone
75,17347+18101,82852,CHEBI:7507,Neomycin,drug,apply_canonical_entity_merges pass 1: Node Normalizer,"Node Normalizer gives DrugBank:DB00994, DrugBank:DB00452 one preferred CURIE, CHEBI:7507 ('Framycetin')",17347,DrugBank:DB00994,drug,Neomycin,DrugBank:DB00994,CHEBI:7507,yes,1930,"drug_drug 1,914; drug_effect 14; target 2",,,1706,"drug_drug 1,692; drug_effect 14",1626,2,distinct,17347 | 18101,J7,Neomycin is a complex of components; framycetin is one of them (neomycin B),complex
75,17347+18101,82852,CHEBI:7507,Neomycin,drug,apply_canonical_entity_merges pass 1: Node Normalizer,"Node Normalizer gives DrugBank:DB00994, DrugBank:DB00452 one preferred CURIE, CHEBI:7507 ('Framycetin')",18101,DrugBank:DB00452,drug,Framycetin,DrugBank:DB00452,CHEBI:7507,,1668,"drug_drug 1,652; drug_effect 14; target 2",831,0.858,1706,"drug_drug 1,692; drug_effect 14",1626,2,distinct,17347 | 18101,J7,Neomycin is a complex of components; framycetin is one of them (neomycin B),J7: one component
76,17396+17645,82901,CHEBI:6900,Metocurine,drug,apply_canonical_entity_merges pass 1: Node Normalizer,"Node Normalizer gives DrugBank:DB01336, DrugBank:DB00416 one preferred CURIE, CHEBI:6900 ('Metocurine')",17396,DrugBank:DB01336,drug,Metocurine,DrugBank:DB01336,CHEBI:6900,yes,2378,"drug_drug 2,374; target 4",,,2234,"drug_drug 2,232; target 2",2122,2,distinct,17396 | 17645,J3,Metocurine and its iodide salt,cation
76,17396+17645,82901,CHEBI:6900,Metocurine,drug,apply_canonical_entity_merges pass 1: Node Normalizer,"Node Normalizer gives DrugBank:DB01336, DrugBank:DB00416 one preferred CURIE, CHEBI:6900 ('Metocurine')",17645,DrugBank:DB00416,drug,Metocurine iodide,DrugBank:DB00416,CHEBI:6900,,2178,"drug_drug 2,176; target 2",1088,0.914,2234,"drug_drug 2,232; target 2",2122,2,distinct,17396 | 17645,J3,Metocurine and its iodide salt,J3: iodide salt
77,14709+17559,83066,CHEBI:42797,Gabapentin enacarbil,drug,apply_canonical_entity_merges pass 1: Node Normalizer,"Node Normalizer gives DrugBank:DB00996, DrugBank:DB08872 one preferred CURIE, CHEBI:42797 ('Gabapentin')",14709,DrugBank:DB00996,drug,Gabapentin,DrugBank:DB00996,CHEBI:42797,,2220,"drug_drug 1,742; drug_effect 446; target 12; contraindication 10; indication 4; enzyme 2; off-label use 2; transporter 2",777,0.456,1612,"drug_drug 1,594; contraindication 10; indication 4; target 4",1536,2,distinct,14709 | 17559,J2,"Gabapentin enacarbil is a prodrug of gabapentin, approved for different indications",J2: parent
77,14709+17559,83066,CHEBI:42797,Gabapentin enacarbil,drug,apply_canonical_entity_merges pass 1: Node Normalizer,"Node Normalizer gives DrugBank:DB00996, DrugBank:DB08872 one preferred CURIE, CHEBI:42797 ('Gabapentin')",17559,DrugBank:DB08872,drug,Gabapentin enacarbil,DrugBank:DB08872,CHEBI:42797,yes,2740,"drug_drug 2,718; contraindication 10; indication 4; target 4; transporter 4",,,1612,"drug_drug 1,594; contraindication 10; indication 4; target 4",1536,2,distinct,14709 | 17559,J2,"Gabapentin enacarbil is a prodrug of gabapentin, approved for different indications",prodrug
78,17060+18702,84213,CHEBI:75275,Tetradecyl hydrogen sulfate (ester),drug,apply_canonical_entity_merges pass 1: Node Normalizer,"Node Normalizer gives DrugBank:DB00464, DrugBank:DB11328 one preferred CURIE, CHEBI:75275 ('Tetradecyl hydrogen sulfate (ester)')",17060,DrugBank:DB00464,drug,Sodium tetradecyl sulfate,DrugBank:DB00464,CHEBI:75275,,32,contraindication 26; target 4; indication 2,0,0.000,26,drug_drug 26,0,0,distinct,17060 | 18702,J3,Sodium tetradecyl sulfate (the salt) and tetradecyl hydrogen sulfate (the acid),J3: salt
78,17060+18702,84213,CHEBI:75275,Tetradecyl hydrogen sulfate (ester),drug,apply_canonical_entity_merges pass 1: Node Normalizer,"Node Normalizer gives DrugBank:DB00464, DrugBank:DB11328 one preferred CURIE, CHEBI:75275 ('Tetradecyl hydrogen sulfate (ester)')",18702,DrugBank:DB11328,drug,Tetradecyl hydrogen sulfate (ester),DrugBank:DB11328,CHEBI:75275,yes,1474,"drug_drug 1,472; target 2",,,26,drug_drug 26,0,0,distinct,17060 | 18702,J3,Sodium tetradecyl sulfate (the salt) and tetradecyl hydrogen sulfate (the acid),acid
79,19602+21194,85123,UMLS:C2346821,CT-011,drug,apply_canonical_entity_merges pass 1: Node Normalizer,"Node Normalizer gives DrugBank:DB05916, DrugBank:DB15383 one preferred CURIE, UMLS:C2346821 ('pidilizumab')",19602,DrugBank:DB05916,drug,CT-011,DrugBank:DB05916,UMLS:C2346821,yes,668,drug_drug 666; target 2,,,674,drug_drug 674,658,2,same,19602+21194,J8,"CT-011 is the development code for pidilizumab, one anti-PD-1 antibody",development code
79,19602+21194,85123,UMLS:C2346821,CT-011,drug,apply_canonical_entity_merges pass 1: Node Normalizer,"Node Normalizer gives DrugBank:DB05916, DrugBank:DB15383 one preferred CURIE, UMLS:C2346821 ('pidilizumab')",21194,DrugBank:DB15383,drug,Pidilizumab,DrugBank:DB15383,UMLS:C2346821,,666,drug_drug 666,332,0.991,674,drug_drug 674,658,2,same,19602+21194,J8,"CT-011 is the development code for pidilizumab, one anti-PD-1 antibody",J8: same antibody (INN)
80,17633+20145,85689,CHEBI:62964,Magnesium acetate tetrahydrate,drug,apply_canonical_entity_merges pass 1: Node Normalizer,"Node Normalizer gives DrugBank:DB13996, DrugBank:DB09409 one preferred CURIE, CHEBI:62964 ('CID 517043')",17633,DrugBank:DB13996,drug,Magnesium acetate,DrugBank:DB13996,CHEBI:62964,,554,drug_drug 552; target 2,275,0.965,560,drug_drug 560,544,2,same,17633+20145,J5,Magnesium acetate and its tetrahydrate: one salt,J5: anhydrous
80,17633+20145,85689,CHEBI:62964,Magnesium acetate tetrahydrate,drug,apply_canonical_entity_merges pass 1: Node Normalizer,"Node Normalizer gives DrugBank:DB13996, DrugBank:DB09409 one preferred CURIE, CHEBI:62964 ('CID 517043')",20145,DrugBank:DB09409,drug,Magnesium acetate tetrahydrate,DrugBank:DB09409,CHEBI:62964,yes,566,drug_drug 552; target 14,,,560,drug_drug 560,544,2,same,17633+20145,J5,Magnesium acetate and its tetrahydrate: one salt,tetrahydrate
81,16350+20218,85779,CHEBI:30769,Sodium citrate,drug,apply_canonical_entity_merges pass 1: Node Normalizer,"Node Normalizer gives DrugBank:DB04272, DrugBank:DB09154 one preferred CURIE, CHEBI:30769 ('Citric acid')",16350,DrugBank:DB04272,drug,Citric acid,DrugBank:DB04272,CHEBI:30769,,246,contraindication 98; drug_drug 80; target 30; drug_effect 22; off-label use 10; indication 4; transporter 2,66,0.071,168,drug_drug 110; contraindication 46; off-label use 10; indication 2,132,0,distinct,16350 | 20218,J3,"Citric acid and sodium citrate, its sodium salt",J3: free acid
81,16350+20218,85779,CHEBI:30769,Sodium citrate,drug,apply_canonical_entity_merges pass 1: Node Normalizer,"Node Normalizer gives DrugBank:DB04272, DrugBank:DB09154 one preferred CURIE, CHEBI:30769 ('Citric acid')",20218,DrugBank:DB09154,drug,Sodium citrate,DrugBank:DB09154,CHEBI:30769,yes,1746,"drug_drug 1,602; contraindication 102; indication 18; off-label use 16; transporter 8",,,168,drug_drug 110; contraindication 46; off-label use 10; indication 2,132,0,distinct,16350 | 20218,J3,"Citric acid and sodium citrate, its sodium salt",salt
82,20220+20221,85782,CHEBI:92769,Iobenguane sulfate I-123,drug,apply_canonical_entity_merges pass 1: Node Normalizer,"Node Normalizer gives DrugBank:DB06704, DrugBank:DB09546 one preferred CURIE, CHEBI:92769 ('Iobenguane')",20220,DrugBank:DB06704,drug,Iobenguane,DrugBank:DB06704,CHEBI:92769,,276,drug_drug 274; transporter 2,32,0.038,90,drug_drug 88; transporter 2,64,0,distinct,20220 | 20221,J4,Iobenguane and the I-123 iobenguane sulfate radiopharmaceutical,J4: unlabelled entry
82,20220+20221,85782,CHEBI:92769,Iobenguane sulfate I-123,drug,apply_canonical_entity_merges pass 1: Node Normalizer,"Node Normalizer gives DrugBank:DB06704, DrugBank:DB09546 one preferred CURIE, CHEBI:92769 ('Iobenguane')",20221,DrugBank:DB09546,drug,Iobenguane sulfate I-123,DrugBank:DB09546,CHEBI:92769,yes,1474,"drug_drug 1,472; transporter 2",,,90,drug_drug 88; transporter 2,64,0,distinct,20220 | 20221,J4,Iobenguane and the I-123 iobenguane sulfate radiopharmaceutical,I-123 radiopharmaceutical
83,20290+20291+20292+20542+21026,85856,CHEBI:34683,"Sodium phosphate, monobasic",drug,apply_canonical_entity_merges pass 1: Node Normalizer,"Node Normalizer gives DrugBank:DB09449, DrugBank:DB14502, DrugBank:DB14503, DrugBank:DB09370, DrugBank:DB14504 one preferred CURIE, CHEBI:34683 ('CID 58592228')",20290,DrugBank:DB09449,drug,"Sodium phosphate, monobasic",DrugBank:DB09449,CHEBI:34683,yes,1738,"drug_drug 1,542; contraindication 180; transporter 10; indication 6",,,2534,"drug_drug 2,512; transporter 20; indication 2",2482,4,distinct,20290+20292 | 20291+21026 | 20542,"J3, J4, J5","Two different salts (monobasic, dibasic), each with its 'unspecified form' entry, and the P-32 radiotherapeutic",monobasic
83,20290+20291+20292+20542+21026,85856,CHEBI:34683,"Sodium phosphate, monobasic",drug,apply_canonical_entity_merges pass 1: Node Normalizer,"Node Normalizer gives DrugBank:DB09449, DrugBank:DB14502, DrugBank:DB14503, DrugBank:DB09370, DrugBank:DB14504 one preferred CURIE, CHEBI:34683 ('CID 58592228')",20291,DrugBank:DB14502,drug,"Sodium phosphate, dibasic",DrugBank:DB14502,CHEBI:34683,,870,drug_drug 858; transporter 10; indication 2,432,0.495,2534,"drug_drug 2,512; transporter 20; indication 2",2482,4,distinct,20290+20292 | 20291+21026 | 20542,"J3, J4, J5","Two different salts (monobasic, dibasic), each with its 'unspecified form' entry, and the P-32 radiotherapeutic","J3: dibasic, a different salt"
83,20290+20291+20292+20542+21026,85856,CHEBI:34683,"Sodium phosphate, monobasic",drug,apply_canonical_entity_merges pass 1: Node Normalizer,"Node Normalizer gives DrugBank:DB09449, DrugBank:DB14502, DrugBank:DB14503, DrugBank:DB09370, DrugBank:DB14504 one preferred CURIE, CHEBI:34683 ('CID 58592228')",20292,DrugBank:DB14503,drug,"Sodium phosphate, monobasic, unspecified form",DrugBank:DB14503,CHEBI:34683,,832,drug_drug 822; transporter 10,411,0.470,2534,"drug_drug 2,512; transporter 20; indication 2",2482,4,distinct,20290+20292 | 20291+21026 | 20542,"J3, J4, J5","Two different salts (monobasic, dibasic), each with its 'unspecified form' entry, and the P-32 radiotherapeutic",J5: same as monobasic
83,20290+20291+20292+20542+21026,85856,CHEBI:34683,"Sodium phosphate, monobasic",drug,apply_canonical_entity_merges pass 1: Node Normalizer,"Node Normalizer gives DrugBank:DB09449, DrugBank:DB14502, DrugBank:DB14503, DrugBank:DB09370, DrugBank:DB14504 one preferred CURIE, CHEBI:34683 ('CID 58592228')",20542,DrugBank:DB09370,drug,Sodium phosphate P 32,DrugBank:DB09370,CHEBI:34683,,6,indication 6,0,0.000,2534,"drug_drug 2,512; transporter 20; indication 2",2482,4,distinct,20290+20292 | 20291+21026 | 20542,"J3, J4, J5","Two different salts (monobasic, dibasic), each with its 'unspecified form' entry, and the P-32 radiotherapeutic",J4: P-32 radiotherapeutic
83,20290+20291+20292+20542+21026,85856,CHEBI:34683,"Sodium phosphate, monobasic",drug,apply_canonical_entity_merges pass 1: Node Normalizer,"Node Normalizer gives DrugBank:DB09449, DrugBank:DB14502, DrugBank:DB14503, DrugBank:DB09370, DrugBank:DB14504 one preferred CURIE, CHEBI:34683 ('CID 58592228')",21026,DrugBank:DB14504,drug,"Sodium phosphate, dibasic, unspecified form",DrugBank:DB14504,CHEBI:34683,,820,drug_drug 820,406,0.465,2534,"drug_drug 2,512; transporter 20; indication 2",2482,4,distinct,20290+20292 | 20291+21026 | 20542,"J3, J4, J5","Two different salts (monobasic, dibasic), each with its 'unspecified form' entry, and the P-32 radiotherapeutic",J5: same as dibasic
84,15885+20293,85860,CHEBI:17268,Inositol,drug,apply_canonical_entity_merges pass 1: Node Normalizer,"Node Normalizer gives DrugBank:DB08949, DrugBank:DB13178 one preferred CURIE, CHEBI:17268 ('Inositol')",15885,DrugBank:DB08949,drug,Inositol nicotinate,DrugBank:DB08949,CHEBI:17268,,70,contraindication 48; drug_drug 4; enzyme 4; indication 4; off-label use 4; target 4; transporter 2,30,0.039,84,contraindication 48; drug_drug 28; indication 4; off-label use 4,60,0,distinct,15885 | 20293,evidence,Inositol nicotinate is a niacin ester that delivers nicotinic acid; inositol is a different drug,evidence: a niacin ester
84,15885+20293,85860,CHEBI:17268,Inositol,drug,apply_canonical_entity_merges pass 1: Node Normalizer,"Node Normalizer gives DrugBank:DB08949, DrugBank:DB13178 one preferred CURIE, CHEBI:17268 ('Inositol')",20293,DrugBank:DB13178,drug,Inositol,DrugBank:DB13178,CHEBI:17268,yes,1520,"drug_drug 1,454; contraindication 48; indication 12; off-label use 4; transporter 2",,,84,contraindication 48; drug_drug 28; indication 4; off-label use 4,60,0,distinct,15885 | 20293,evidence,Inositol nicotinate is a niacin ester that delivers nicotinic acid; inositol is a different drug,inositol
85,16058+20321,85891,CHEBI:135361,Methscopolamine,drug,apply_canonical_entity_merges pass 1: Node Normalizer,"Node Normalizer gives DrugBank:DB00462, DrugBank:DB11315 one preferred CURIE, CHEBI:135361 ('Methscopolamine')",16058,DrugBank:DB00462,drug,Methscopolamine bromide,DrugBank:DB00462,CHEBI:135361,,1922,"drug_drug 1,916; target 6",957,0.899,1940,"drug_drug 1,940",1892,2,distinct,16058 | 20321,J3,Methscopolamine and its bromide salt,J3: bromide salt
85,16058+20321,85891,CHEBI:135361,Methscopolamine,drug,apply_canonical_entity_merges pass 1: Node Normalizer,"Node Normalizer gives DrugBank:DB00462, DrugBank:DB11315 one preferred CURIE, CHEBI:135361 ('Methscopolamine')",20321,DrugBank:DB11315,drug,Methscopolamine,DrugBank:DB11315,CHEBI:135361,yes,2120,"drug_drug 1,916; contraindication 154; drug_effect 28; indication 16; off-label use 6",,,1940,"drug_drug 1,940",1892,2,distinct,16058 | 20321,J3,Methscopolamine and its bromide salt,cation
86,18372+20338,85926,CHEBI:36773,Synthetic camphor,drug,apply_canonical_entity_merges pass 1: Node Normalizer,"Node Normalizer gives DrugBank:DB01744, DrugBank:DB14156 one preferred CURIE, CHEBI:36773 ('camphor')",18372,DrugBank:DB01744,drug,Camphor,DrugBank:DB01744,CHEBI:36773,,8,target 8,0,0.000,0,,0,0,unclear,18372 | 20338,J1,"Synthetic camphor is the racemate and natural camphor the (+)-enantiomer, but neither DrugBank entry states its stereochemistry",unclear: stereochemistry not stated
86,18372+20338,85926,CHEBI:36773,Synthetic camphor,drug,apply_canonical_entity_merges pass 1: Node Normalizer,"Node Normalizer gives DrugBank:DB01744, DrugBank:DB14156 one preferred CURIE, CHEBI:36773 ('camphor')",20338,DrugBank:DB14156,drug,Synthetic camphor,DrugBank:DB14156,CHEBI:36773,yes,68,contraindication 68,,,0,,0,0,unclear,18372 | 20338,J1,"Synthetic camphor is the racemate and natural camphor the (+)-enantiomer, but neither DrugBank entry states its stereochemistry",synthetic (racemic)
87,20352+20353,85941,CHEBI:53248,Povidone,drug,apply_canonical_entity_merges pass 1: Node Normalizer,"Node Normalizer gives DrugBank:DB11061, DrugBank:DB14478 one preferred CURIE, CHEBI:53248 ('Povidone')",20352,DrugBank:DB11061,drug,Povidone,DrugBank:DB11061,CHEBI:53248,yes,22,contraindication 14; indication 4; off-label use 4,,,22,contraindication 14; indication 4; off-label use 4,22,0,distinct,20352 | 20353,J7,"Povidone (the polymer) and povidone K30, one grade of it",polymer
87,20352+20353,85941,CHEBI:53248,Povidone,drug,apply_canonical_entity_merges pass 1: Node Normalizer,"Node Normalizer gives DrugBank:DB11061, DrugBank:DB14478 one preferred CURIE, CHEBI:53248 ('Povidone')",20353,DrugBank:DB14478,drug,Povidone K30,DrugBank:DB14478,CHEBI:53248,,22,contraindication 14; indication 4; off-label use 4,11,1.000,22,contraindication 14; indication 4; off-label use 4,22,0,distinct,20352 | 20353,J7,"Povidone (the polymer) and povidone K30, one grade of it",J7: one grade
88,20403+21273,86030,UNII:6M3P64V0NC,Almasilate,drug,apply_canonical_entity_merges pass 1: Node Normalizer,"Node Normalizer gives DrugBank:DB13595, DrugBank:DB11230 one preferred CURIE, UNII:6M3P64V0NC ('Almasilate')",20403,DrugBank:DB13595,drug,Almasilate,DrugBank:DB13595,UNII:6M3P64V0NC,yes,1964,"drug_drug 1,932; contraindication 16; indication 10; off-label use 6",,,166,drug_drug 166,100,0,distinct,20403 | 21273,evidence,"Different materials: almasilate, a synthetic crystalline antacid, and magnesium aluminium silicate, a natural clay excipient",almasilate
88,20403+21273,86030,UNII:6M3P64V0NC,Almasilate,drug,apply_canonical_entity_merges pass 1: Node Normalizer,"Node Normalizer gives DrugBank:DB13595, DrugBank:DB11230 one preferred CURIE, UNII:6M3P64V0NC ('Almasilate')",21273,DrugBank:DB11230,drug,Magnesium Aluminum Silicate,DrugBank:DB11230,UNII:6M3P64V0NC,,182,drug_drug 182,51,0.050,166,drug_drug 166,100,0,distinct,20403 | 21273,evidence,"Different materials: almasilate, a synthetic crystalline antacid, and magnesium aluminium silicate, a natural clay excipient",evidence: a different material
89,14288+20409,86036,CHEBI:17334,Procaine benzylpenicillin,drug,apply_canonical_entity_merges pass 1: Node Normalizer,"Node Normalizer gives DrugBank:DB01053, DrugBank:DB09320 one preferred CURIE, CHEBI:17334 ('penicillin')",14288,DrugBank:DB01053,drug,Benzylpenicillin,DrugBank:DB01053,CHEBI:17334,,1232,drug_drug 904; drug_effect 150; indication 126; transporter 22; contraindication 12; off-label use 10; target 6; carrier 2,324,0.271,694,drug_drug 580; indication 60; drug_effect 42; contraindication 12,620,0,distinct,14288 | 20409,evidence,"Procaine benzylpenicillin adds procaine, a second active ingredient (a depot formulation)",evidence: benzylpenicillin alone
89,14288+20409,86036,CHEBI:17334,Procaine benzylpenicillin,drug,apply_canonical_entity_merges pass 1: Node Normalizer,"Node Normalizer gives DrugBank:DB01053, DrugBank:DB09320 one preferred CURIE, CHEBI:17334 ('penicillin')",20409,DrugBank:DB09320,drug,Procaine benzylpenicillin,DrugBank:DB09320,CHEBI:17334,yes,1806,"drug_drug 1,690; indication 60; drug_effect 44; contraindication 12",,,694,drug_drug 580; indication 60; drug_effect 42; contraindication 12,620,0,distinct,14288 | 20409,evidence,"Procaine benzylpenicillin adds procaine, a second active ingredient (a depot formulation)",procaine salt
90,14825+16433+20432,86069,CHEBI:7466,Nandrolone,drug,apply_canonical_entity_merges pass 1: Node Normalizer,"Node Normalizer gives DrugBank:DB08804, DrugBank:DB00984, DrugBank:DB13169 one preferred CURIE, CHEBI:7466 ('Nandrolone')",14825,DrugBank:DB08804,drug,Nandrolone decanoate,DrugBank:DB08804,CHEBI:7466,,402,drug_drug 394; enzyme 6; target 2,186,0.762,780,drug_drug 778; target 2,678,0,distinct,14825 | 16433 | 20432,J2,"Nandrolone and two esters of it (decanoate, phenpropionate)",J2: ester
90,14825+16433+20432,86069,CHEBI:7466,Nandrolone,drug,apply_canonical_entity_merges pass 1: Node Normalizer,"Node Normalizer gives DrugBank:DB08804, DrugBank:DB00984, DrugBank:DB13169 one preferred CURIE, CHEBI:7466 ('Nandrolone')",16433,DrugBank:DB00984,drug,Nandrolone phenpropionate,DrugBank:DB00984,CHEBI:7466,,374,drug_drug 372; target 2,186,0.809,780,drug_drug 778; target 2,678,0,distinct,14825 | 16433 | 20432,J2,"Nandrolone and two esters of it (decanoate, phenpropionate)",J2: a different ester
90,14825+16433+20432,86069,CHEBI:7466,Nandrolone,drug,apply_canonical_entity_merges pass 1: Node Normalizer,"Node Normalizer gives DrugBank:DB08804, DrugBank:DB00984, DrugBank:DB13169 one preferred CURIE, CHEBI:7466 ('Nandrolone')",20432,DrugBank:DB13169,drug,Nandrolone,DrugBank:DB13169,CHEBI:7466,yes,458,drug_drug 372; contraindication 54; drug_effect 24; off-label use 8,,,780,drug_drug 778; target 2,678,0,distinct,14825 | 16433 | 20432,J2,"Nandrolone and two esters of it (decanoate, phenpropionate)",parent
91,20217+20437,86079,CHEBI:78320,Ammonium lactate,drug,apply_canonical_entity_merges pass 1: Node Normalizer,"Node Normalizer gives DrugBank:DB04398, DrugBank:DB06768 one preferred CURIE, CHEBI:78320 ('Lactic acid')",20217,DrugBank:DB04398,drug,Lactic acid,DrugBank:DB04398,CHEBI:78320,,28,drug_effect 16; transporter 12,0,0.000,0,,0,0,distinct,20217 | 20437,J3,"Lactic acid and ammonium lactate, its salt",J3: free acid
91,20217+20437,86079,CHEBI:78320,Ammonium lactate,drug,apply_canonical_entity_merges pass 1: Node Normalizer,"Node Normalizer gives DrugBank:DB04398, DrugBank:DB06768 one preferred CURIE, CHEBI:78320 ('Lactic acid')",20437,DrugBank:DB06768,drug,Ammonium lactate,DrugBank:DB06768,CHEBI:78320,yes,80,contraindication 64; indication 16,,,0,,0,0,distinct,20217 | 20437,J3,"Lactic acid and ammonium lactate, its salt",salt
92,17648+20460,86199,CHEBI:2914,Atracurium,drug,apply_canonical_entity_merges pass 1: Node Normalizer,"Node Normalizer gives DrugBank:DB00732, DrugBank:DB13295 one preferred CURIE, CHEBI:2914 ('Atracurium')",17648,DrugBank:DB00732,drug,Atracurium besylate,DrugBank:DB00732,CHEBI:2914,,2178,"drug_drug 2,176; target 2",1087,0.971,2232,"drug_drug 2,232",2120,2,distinct,17648 | 20460,J3,Atracurium and its besylate salt,J3: besylate salt
92,17648+20460,86199,CHEBI:2914,Atracurium,drug,apply_canonical_entity_merges pass 1: Node Normalizer,"Node Normalizer gives DrugBank:DB00732, DrugBank:DB13295 one preferred CURIE, CHEBI:2914 ('Atracurium')",20460,DrugBank:DB13295,drug,Atracurium,DrugBank:DB13295,CHEBI:2914,yes,2236,"drug_drug 2,176; drug_effect 34; contraindication 26",,,2232,"drug_drug 2,232",2120,2,distinct,17648 | 20460,J3,Atracurium and its besylate salt,cation
93,20488+21528,86316,UMLS:C2350656,Pegloticase,drug,apply_canonical_entity_merges pass 1: Node Normalizer,"Node Normalizer gives DrugBank:DB09208, DrugBank:DB05321 one preferred CURIE, UMLS:C2350656 ('pegloticase')",20488,DrugBank:DB09208,drug,Pegloticase,DrugBank:DB09208,UMLS:C2350656,yes,114,drug_drug 112; indication 2,,,74,drug_drug 74,70,2,same,20488+21528,J8,"PEG-uricase (a PEG conjugate of recombinant porcine uricase, in phase III in 2006) is pegloticase before approval",approved entry
93,20488+21528,86316,UMLS:C2350656,Pegloticase,drug,apply_canonical_entity_merges pass 1: Node Normalizer,"Node Normalizer gives DrugBank:DB09208, DrugBank:DB05321 one preferred CURIE, UMLS:C2350656 ('pegloticase')",21528,DrugBank:DB05321,drug,PEG-uricase,DrugBank:DB05321,UMLS:C2350656,,72,drug_drug 72,35,0.603,74,drug_drug 74,70,2,same,20488+21528,J8,"PEG-uricase (a PEG conjugate of recombinant porcine uricase, in phase III in 2006) is pegloticase before approval","J8: same product, investigational entry"
94,14526+20630,87902,CHEBI:34838,Drostanolone propionate,drug,apply_canonical_entity_merges pass 1: Node Normalizer,"Node Normalizer gives DrugBank:DB00858, DrugBank:DB14655 one preferred CURIE, CHEBI:34838 ('Drostanolone')",14526,DrugBank:DB00858,drug,Drostanolone,DrugBank:DB00858,CHEBI:34838,,6,carrier 2; enzyme 2; target 2,0,0.000,4,drug_drug 4,0,0,distinct,14526 | 20630,J2,Drostanolone and its propionate ester,J2: parent
94,14526+20630,87902,CHEBI:34838,Drostanolone propionate,drug,apply_canonical_entity_merges pass 1: Node Normalizer,"Node Normalizer gives DrugBank:DB00858, DrugBank:DB14655 one preferred CURIE, CHEBI:34838 ('Drostanolone')",20630,DrugBank:DB14655,drug,Drostanolone propionate,DrugBank:DB14655,CHEBI:34838,yes,192,drug_drug 180; indication 12,,,4,drug_drug 4,0,0,distinct,14526 | 20630,J2,Drostanolone and its propionate ester,ester
95,20665+21610,88287,CHEBI:140407,Ceftobiprole,drug,apply_canonical_entity_merges pass 1: Node Normalizer,"Node Normalizer gives DrugBank:DB04918, DrugBank:DB14733 one preferred CURIE, CHEBI:140407 ('Ceftobiprole')",20665,DrugBank:DB04918,drug,Ceftobiprole,DrugBank:DB04918,CHEBI:140407,yes,1548,"drug_drug 1,548",,,62,drug_drug 62,34,0,distinct,20665 | 21610,J2,Ceftobiprole medocaril is the prodrug of ceftobiprole,active form
95,20665+21610,88287,CHEBI:140407,Ceftobiprole,drug,apply_canonical_entity_merges pass 1: Node Normalizer,"Node Normalizer gives DrugBank:DB04918, DrugBank:DB14733 one preferred CURIE, CHEBI:140407 ('Ceftobiprole')",21610,DrugBank:DB14733,drug,Ceftobiprole medocaril,DrugBank:DB14733,CHEBI:140407,,34,drug_drug 34,17,0.022,62,drug_drug 62,34,0,distinct,20665 | 21610,J2,Ceftobiprole medocaril is the prodrug of ceftobiprole,J2: prodrug
96,16329+20181+20807,88429,CHEBI:33353,Technetium Tc-99m exametazime,drug,apply_canonical_entity_merges pass 1: Node Normalizer,"Node Normalizer gives DrugBank:DB00113, DrugBank:DB09266, DrugBank:DB09163 one preferred CURIE, CHEBI:33353 ('technetium atom')",16329,DrugBank:DB00113,drug,Technetium Tc-99m arcitumomab,DrugBank:DB00113,CHEBI:33353,,660,drug_drug 658; target 2,12,0.011,60,drug_drug 60,24,0,distinct,16329 | 20181 | 20807,evidence,"Three different radiopharmaceuticals that share only the Tc-99m label: an anti-CEA antibody fragment, tilmanocept, exametazime",evidence: anti-CEA Fab fragment
96,16329+20181+20807,88429,CHEBI:33353,Technetium Tc-99m exametazime,drug,apply_canonical_entity_merges pass 1: Node Normalizer,"Node Normalizer gives DrugBank:DB00113, DrugBank:DB09266, DrugBank:DB09163 one preferred CURIE, CHEBI:33353 ('technetium atom')",20181,DrugBank:DB09266,drug,Technetium Tc-99m tilmanocept,DrugBank:DB09266,CHEBI:33353,,58,drug_drug 56; target 2,3,0.004,60,drug_drug 60,24,0,distinct,16329 | 20181 | 20807,evidence,"Three different radiopharmaceuticals that share only the Tc-99m label: an anti-CEA antibody fragment, tilmanocept, exametazime",evidence: tilmanocept
96,16329+20181+20807,88429,CHEBI:33353,Technetium Tc-99m exametazime,drug,apply_canonical_entity_merges pass 1: Node Normalizer,"Node Normalizer gives DrugBank:DB00113, DrugBank:DB09266, DrugBank:DB09163 one preferred CURIE, CHEBI:33353 ('technetium atom')",20807,DrugBank:DB09163,drug,Technetium Tc-99m exametazime,DrugBank:DB09163,CHEBI:33353,yes,1472,"drug_drug 1,472",,,60,drug_drug 60,24,0,distinct,16329 | 20181 | 20807,evidence,"Three different radiopharmaceuticals that share only the Tc-99m label: an anti-CEA antibody fragment, tilmanocept, exametazime",exametazime
97,20882+20893,88504,DRUGBANK:DB14432,Influenza A virus A/California/7/2009 X-181 (H1N1) antigen (propiolactone inactivated),drug,apply_canonical_entity_merges pass 1: Node Normalizer,"Node Normalizer gives DrugBank:DB10600, DrugBank:DB11041 one preferred CURIE, DRUGBANK:DB14432 ('Influenza A virus A/Singapore/gp1908/2015 IVR-180 (H1N1) hemagglutinin antigen (formaldehyde inactivated)')",20882,DrugBank:DB10600,drug,Influenza A virus A/California/7/2009 X-181 (H1N1) antigen (propiolactone inactivated),DrugBank:DB10600,DRUGBANK:DB14432,yes,584,drug_drug 584,,,608,drug_drug 608,560,0,unclear,20882 | 20893,none,"Two DrugBank vaccine components for one strain (A/California/7/2009 X-181), 'antigen' and 'hemagglutinin antigen', both propiolactone-inactivated; identical PrimeKG edges",antigen
97,20882+20893,88504,DRUGBANK:DB14432,Influenza A virus A/California/7/2009 X-181 (H1N1) antigen (propiolactone inactivated),drug,apply_canonical_entity_merges pass 1: Node Normalizer,"Node Normalizer gives DrugBank:DB10600, DrugBank:DB11041 one preferred CURIE, DRUGBANK:DB14432 ('Influenza A virus A/Singapore/gp1908/2015 IVR-180 (H1N1) hemagglutinin antigen (formaldehyde inactivated)')",20893,DrugBank:DB11041,drug,Influenza A virus A/California/7/2009 X-181 (H1N1) hemagglutinin antigen (propiolactone inactivated),DrugBank:DB11041,DRUGBANK:DB14432,,584,drug_drug 584,292,1.000,608,drug_drug 608,560,0,unclear,20882 | 20893,none,"Two DrugBank vaccine components for one strain (A/California/7/2009 X-181), 'antigen' and 'hemagglutinin antigen', both propiolactone-inactivated; identical PrimeKG edges",unclear: hemagglutinin antigen
98,20884+20892+20894+20944,88506,UMLS:C4033637,Influenza B virus B/Brisbane/60/2008 antigen (formaldehyde inactivated),drug,apply_canonical_entity_merges pass 1: Node Normalizer,"Node Normalizer gives DrugBank:DB10794, DrugBank:DB11040, DrugBank:DB11044, DrugBank:DB14385 one preferred CURIE, UMLS:C4033637 ('influenza B virus B/Brisbane/60/2008 antigen')",20884,DrugBank:DB10794,drug,Influenza B virus B/Brisbane/60/2008 antigen (formaldehyde inactivated),DrugBank:DB10794,UMLS:C4033637,yes,584,drug_drug 584,,,1776,"drug_drug 1,776",1680,0,unclear,20884 | 20892 | 20894 | 20944,J6,"Four DrugBank vaccine components for one strain (B/Brisbane/60/2008): antigen or hemagglutinin antigen, formaldehyde- or propiolactone-inactivated; identical PrimeKG edges","antigen, formaldehyde"
98,20884+20892+20894+20944,88506,UMLS:C4033637,Influenza B virus B/Brisbane/60/2008 antigen (formaldehyde inactivated),drug,apply_canonical_entity_merges pass 1: Node Normalizer,"Node Normalizer gives DrugBank:DB10794, DrugBank:DB11040, DrugBank:DB11044, DrugBank:DB14385 one preferred CURIE, UMLS:C4033637 ('influenza B virus B/Brisbane/60/2008 antigen')",20892,DrugBank:DB11040,drug,Influenza B virus B/Brisbane/60/2008 hemagglutinin antigen (propiolactone inactivated),DrugBank:DB11040,UMLS:C4033637,,584,drug_drug 584,292,1.000,1776,"drug_drug 1,776",1680,0,unclear,20884 | 20892 | 20894 | 20944,J6,"Four DrugBank vaccine components for one strain (B/Brisbane/60/2008): antigen or hemagglutinin antigen, formaldehyde- or propiolactone-inactivated; identical PrimeKG edges","unclear: HA antigen, propiolactone"
98,20884+20892+20894+20944,88506,UMLS:C4033637,Influenza B virus B/Brisbane/60/2008 antigen (formaldehyde inactivated),drug,apply_canonical_entity_merges pass 1: Node Normalizer,"Node Normalizer gives DrugBank:DB10794, DrugBank:DB11040, DrugBank:DB11044, DrugBank:DB14385 one preferred CURIE, UMLS:C4033637 ('influenza B virus B/Brisbane/60/2008 antigen')",20894,DrugBank:DB11044,drug,Influenza B virus B/Brisbane/60/2008 antigen (propiolactone inactivated),DrugBank:DB11044,UMLS:C4033637,,584,drug_drug 584,292,1.000,1776,"drug_drug 1,776",1680,0,unclear,20884 | 20892 | 20894 | 20944,J6,"Four DrugBank vaccine components for one strain (B/Brisbane/60/2008): antigen or hemagglutinin antigen, formaldehyde- or propiolactone-inactivated; identical PrimeKG edges","unclear: antigen, propiolactone"
98,20884+20892+20894+20944,88506,UMLS:C4033637,Influenza B virus B/Brisbane/60/2008 antigen (formaldehyde inactivated),drug,apply_canonical_entity_merges pass 1: Node Normalizer,"Node Normalizer gives DrugBank:DB10794, DrugBank:DB11040, DrugBank:DB11044, DrugBank:DB14385 one preferred CURIE, UMLS:C4033637 ('influenza B virus B/Brisbane/60/2008 antigen')",20944,DrugBank:DB14385,drug,Influenza B virus B/Brisbane/60/2008 hemagglutinin antigen (formaldehyde inactivated),DrugBank:DB14385,UMLS:C4033637,,584,drug_drug 584,292,1.000,1776,"drug_drug 1,776",1680,0,unclear,20884 | 20892 | 20894 | 20944,J6,"Four DrugBank vaccine components for one strain (B/Brisbane/60/2008): antigen or hemagglutinin antigen, formaldehyde- or propiolactone-inactivated; identical PrimeKG edges","unclear: HA antigen, formaldehyde"
99,20967+20969,88589,CHEBI:133354,Bentonite,drug,apply_canonical_entity_merges pass 1: Node Normalizer,"Node Normalizer gives DrugBank:DB11306, DrugBank:DB13654 one preferred CURIE, CHEBI:133354 ('Bentonite')",20967,DrugBank:DB11306,drug,Bentonite,DrugBank:DB11306,CHEBI:133354,yes,54,drug_drug 54,,,54,drug_drug 54,54,0,distinct,20967 | 20969,J7,Bentonite is a clay; montmorillonite is its main mineral,clay
99,20967+20969,88589,CHEBI:133354,Bentonite,drug,apply_canonical_entity_merges pass 1: Node Normalizer,"Node Normalizer gives DrugBank:DB11306, DrugBank:DB13654 one preferred CURIE, CHEBI:133354 ('Bentonite')",20969,DrugBank:DB13654,drug,Montmorillonite,DrugBank:DB13654,CHEBI:133354,,54,drug_drug 54,27,1.000,54,drug_drug 54,54,0,distinct,20967 | 20969,J7,Bentonite is a clay; montmorillonite is its main mineral,J7: component mineral
100,14128+21025,88647,CHEBI:22652,Sodium ascorbate,drug,apply_canonical_entity_merges pass 1: Node Normalizer,"Node Normalizer gives DrugBank:DB00126, DrugBank:DB14482 one preferred CURIE, CHEBI:22652 ('Ascorbic acid')",14128,DrugBank:DB00126,drug,Ascorbic acid,DrugBank:DB00126,CHEBI:22652,,320,contraindication 128; drug_drug 124; target 42; transporter 10; drug_effect 6; indication 4; carrier 2; enzyme 2; off-label use 2,61,0.108,146,drug_drug 146,114,0,distinct,14128 | 21025,J3,"Ascorbic acid and sodium ascorbate, its salt",J3: free acid
100,14128+21025,88647,CHEBI:22652,Sodium ascorbate,drug,apply_canonical_entity_merges pass 1: Node Normalizer,"Node Normalizer gives DrugBank:DB00126, DrugBank:DB14482 one preferred CURIE, CHEBI:22652 ('Ascorbic acid')",21025,DrugBank:DB14482,drug,Sodium ascorbate,DrugBank:DB14482,CHEBI:22652,yes,934,drug_drug 934,,,146,drug_drug 146,114,0,distinct,14128 | 21025,J3,"Ascorbic acid and sodium ascorbate, its salt",salt
101,14355+21382,89004,CHEBI:28842,Magnesium stearate,drug,apply_canonical_entity_merges pass 1: Node Normalizer,"Node Normalizer gives DrugBank:DB03193, DrugBank:DB14077 one preferred CURIE, CHEBI:28842 ('Stearic acid')",14355,DrugBank:DB03193,drug,Stearic acid,DrugBank:DB03193,CHEBI:28842,,8,carrier 4; target 4,0,0.000,8,drug_drug 8,0,0,distinct,14355 | 21382,J3,"Stearic acid and magnesium stearate, its salt",J3: free acid
101,14355+21382,89004,CHEBI:28842,Magnesium stearate,drug,apply_canonical_entity_merges pass 1: Node Normalizer,"Node Normalizer gives DrugBank:DB03193, DrugBank:DB14077 one preferred CURIE, CHEBI:28842 ('Stearic acid')",21382,DrugBank:DB14077,drug,Magnesium stearate,DrugBank:DB14077,CHEBI:28842,yes,182,drug_drug 182,,,8,drug_drug 8,0,0,distinct,14355 | 21382,J3,"Stearic acid and magnesium stearate, its salt",salt
102,14754+21384,89006,CHEBI:50848,Loteprednol,drug,apply_canonical_entity_merges pass 1: Node Normalizer,"Node Normalizer gives DrugBank:DB14596, DrugBank:DB00873 one preferred CURIE, CHEBI:50848 ('Loteprednol')",14754,DrugBank:DB14596,drug,Loteprednol etabonate,DrugBank:DB14596,CHEBI:50848,,46,indication 26; contraindication 14; enzyme 4; target 2,0,0.000,18,drug_drug 18,0,0,distinct,14754 | 21384,J2,Loteprednol etabonate (the marketed ester) and loteprednol,J2: ester
102,14754+21384,89006,CHEBI:50848,Loteprednol,drug,apply_canonical_entity_merges pass 1: Node Normalizer,"Node Normalizer gives DrugBank:DB14596, DrugBank:DB00873 one preferred CURIE, CHEBI:50848 ('Loteprednol')",21384,DrugBank:DB00873,drug,Loteprednol,DrugBank:DB00873,CHEBI:50848,yes,374,drug_drug 350; drug_effect 24,,,18,drug_drug 18,0,0,distinct,14754 | 21384,J2,Loteprednol etabonate (the marketed ester) and loteprednol,parent
103,14642+21614,89236,CHEBI:136037,Corticorelin ovine triflutate,drug,apply_canonical_entity_merges pass 1: Node Normalizer,"Node Normalizer gives DrugBank:DB05394, DrugBank:DB09067 one preferred CURIE, CHEBI:136037 ('Corticorelin')",14642,DrugBank:DB05394,drug,Corticorelin,DrugBank:DB05394,CHEBI:136037,,20,drug_effect 18; enzyme 2,0,0.000,28,drug_drug 28,0,0,distinct,14642 | 21614,evidence,Different peptides: corticorelin (human CRF) and corticorelin ovine triflutate (the ovine sequence),evidence: human sequence
103,14642+21614,89236,CHEBI:136037,Corticorelin ovine triflutate,drug,apply_canonical_entity_merges pass 1: Node Normalizer,"Node Normalizer gives DrugBank:DB05394, DrugBank:DB09067 one preferred CURIE, CHEBI:136037 ('Corticorelin')",21614,DrugBank:DB09067,drug,Corticorelin ovine triflutate,DrugBank:DB09067,CHEBI:136037,yes,136,drug_drug 136,,,28,drug_drug 28,0,0,distinct,14642 | 21614,evidence,Different peptides: corticorelin (human CRF) and corticorelin ovine triflutate (the ovine sequence),ovine sequence
104,21864+21866,89486,CHEBI:30021,Selenomethionine Se-75,drug,apply_canonical_entity_merges pass 1: Node Normalizer,"Node Normalizer gives DrugBank:DB09400, DrugBank:DB11142 one preferred CURIE, CHEBI:30021 ('Selenomethionine')",21864,DrugBank:DB09400,drug,Selenomethionine Se-75,DrugBank:DB09400,CHEBI:30021,yes,2,drug_drug 2,,,2,drug_drug 2,2,0,distinct,21864 | 21866,J4,Selenomethionine and its Se-75 radiolabelled form,Se-75 radiotracer
104,21864+21866,89486,CHEBI:30021,Selenomethionine Se-75,drug,apply_canonical_entity_merges pass 1: Node Normalizer,"Node Normalizer gives DrugBank:DB09400, DrugBank:DB11142 one preferred CURIE, CHEBI:30021 ('Selenomethionine')",21866,DrugBank:DB11142,drug,Selenomethionine,DrugBank:DB11142,CHEBI:30021,,2,drug_drug 2,1,1.000,2,drug_drug 2,2,0,distinct,21864 | 21866,J4,Selenomethionine and its Se-75 radiolabelled form,J4: unlabelled
105,1419+34126,61477,NCBIGene:64755,RUSF1,gene,backfill: one CURIE hint for all members,every member carries the same PrimeKG id NCBI:64755,1419,NCBI:64755,gene/protein,RUSF1,NCBI:64755,NCBIGene:64755,yes,168,protein_protein 162; cellcomp_protein 4; molfunc_protein 2,,,0,,0,0,same,1419+34126,J0,One NCBI Gene id (NCBI:64755) under two PrimeKG names: RUSF1 / C16orf58,name the entity carries
105,1419+34126,61477,NCBIGene:64755,RUSF1,gene,backfill: one CURIE hint for all members,every member carries the same PrimeKG id NCBI:64755,34126,NCBI:64755,gene/protein,C16orf58,NCBI:64755,NCBIGene:64755,,12,disease_protein 12,0,0.000,0,,0,0,same,1419+34126,J0,One NCBI Gene id (NCBI:64755) under two PrimeKG names: RUSF1 / C16orf58,J0: same id
106,7728+34948,61592,NCBIGene:55112,DYNC2I1,gene,backfill: one CURIE hint for all members,every member carries the same PrimeKG id NCBI:55112,7728,NCBI:55112,gene/protein,DYNC2I1,NCBI:55112,NCBIGene:55112,yes,102,protein_protein 62; cellcomp_protein 20; bioprocess_protein 12; molfunc_protein 6; pathway_protein 2,,,0,,0,0,same,7728+34948,J0,One NCBI Gene id (NCBI:55112) under two PrimeKG names: DYNC2I1 / WDR60,name the entity carries
106,7728+34948,61592,NCBIGene:55112,DYNC2I1,gene,backfill: one CURIE hint for all members,every member carries the same PrimeKG id NCBI:55112,34948,NCBI:55112,gene/protein,WDR60,NCBI:55112,NCBIGene:55112,,16,disease_protein 16,0,0.000,0,,0,0,same,7728+34948,J0,One NCBI Gene id (NCBI:55112) under two PrimeKG names: DYNC2I1 / WDR60,J0: same id
107,34122+58296,61769,NCBIGene:57535,ELAPOR1,gene,backfill: one CURIE hint for all members,every member carries the same PrimeKG id NCBI:57535,34122,NCBI:57535,gene/protein,KIAA1324,NCBI:57535,NCBIGene:57535,,12,disease_protein 12,0,0.000,0,,0,0,same,34122+58296,J0,One NCBI Gene id (NCBI:57535) under two PrimeKG names: KIAA1324 / ELAPOR1,J0: same id
107,34122+58296,61769,NCBIGene:57535,ELAPOR1,gene,backfill: one CURIE hint for all members,every member carries the same PrimeKG id NCBI:57535,58296,NCBI:57535,gene/protein,ELAPOR1,NCBI:57535,NCBIGene:57535,yes,34,cellcomp_protein 20; bioprocess_protein 8; protein_protein 4; molfunc_protein 2,,,0,,0,0,same,34122+58296,J0,One NCBI Gene id (NCBI:57535) under two PrimeKG names: KIAA1324 / ELAPOR1,name the entity carries
108,8127+35122,62840,NCBIGene:55262,TRAPPC14,gene,backfill: one CURIE hint for all members,every member carries the same PrimeKG id NCBI:55262,8127,NCBI:55262,gene/protein,TRAPPC14,NCBI:55262,NCBIGene:55262,yes,62,protein_protein 42; cellcomp_protein 12; bioprocess_protein 4; molfunc_protein 4,,,0,,0,0,same,8127+35122,J0,One NCBI Gene id (NCBI:55262) under two PrimeKG names: TRAPPC14 / MAP11,name the entity carries
108,8127+35122,62840,NCBIGene:55262,TRAPPC14,gene,backfill: one CURIE hint for all members,every member carries the same PrimeKG id NCBI:55262,35122,NCBI:55262,gene/protein,MAP11,NCBI:55262,NCBIGene:55262,,2,disease_protein 2,0,0.000,0,,0,0,same,8127+35122,J0,One NCBI Gene id (NCBI:55262) under two PrimeKG names: TRAPPC14 / MAP11,J0: same id
109,3236+34675,62987,NCBIGene:6901,TAFAZZIN,gene,backfill: one CURIE hint for all members,every member carries the same PrimeKG id NCBI:6901,3236,NCBI:6901,gene/protein,TAFAZZIN,NCBI:6901,NCBIGene:6901,yes,198,protein_protein 142; bioprocess_protein 38; cellcomp_protein 10; molfunc_protein 4; pathway_protein 4,,,0,,0,0,same,3236+34675,J0,One NCBI Gene id (NCBI:6901) under two PrimeKG names: TAFAZZIN / TAZ,name the entity carries
109,3236+34675,62987,NCBIGene:6901,TAFAZZIN,gene,backfill: one CURIE hint for all members,every member carries the same PrimeKG id NCBI:6901,34675,NCBI:6901,gene/protein,TAZ,NCBI:6901,NCBIGene:6901,,8,disease_protein 8,0,0.000,0,,0,0,same,3236+34675,J0,One NCBI Gene id (NCBI:6901) under two PrimeKG names: TAFAZZIN / TAZ,J0: same id
110,1027+34863,63175,NCBIGene:63932,STEEP1,gene,backfill: one CURIE hint for all members,every member carries the same PrimeKG id NCBI:63932,1027,NCBI:63932,gene/protein,STEEP1,NCBI:63932,NCBIGene:63932,yes,38,protein_protein 26; cellcomp_protein 6; bioprocess_protein 4; molfunc_protein 2,,,0,,0,0,same,1027+34863,J0,One NCBI Gene id (NCBI:63932) under two PrimeKG names: STEEP1 / CXorf56,name the entity carries
110,1027+34863,63175,NCBIGene:63932,STEEP1,gene,backfill: one CURIE hint for all members,every member carries the same PrimeKG id NCBI:63932,34863,NCBI:63932,gene/protein,CXorf56,NCBI:63932,NCBIGene:63932,,4,disease_protein 4,0,0.000,0,,0,0,same,1027+34863,J0,One NCBI Gene id (NCBI:63932) under two PrimeKG names: STEEP1 / CXorf56,J0: same id
111,1368+35060,63856,NCBI:4540,MT-ND5,gene,backfill: one CURIE hint for all members,every member carries the same PrimeKG id NCBI:4540,1368,NCBI:4540,gene/protein,MT-ND5,NCBI:4540,NCBIGene:4540,yes,340,anatomy_protein_present 200; protein_protein 110; bioprocess_protein 12; cellcomp_protein 8; molfunc_protein 4; pathway_protein 4; target 2,,,0,,0,0,same,1368+35060,J0,One NCBI Gene id (NCBI:4540) under two PrimeKG names: MT-ND5 / ND5,name the entity carries
111,1368+35060,63856,NCBI:4540,MT-ND5,gene,backfill: one CURIE hint for all members,every member carries the same PrimeKG id NCBI:4540,35060,NCBI:4540,gene/protein,ND5,NCBI:4540,NCBIGene:4540,,10,disease_protein 10,0,0.000,0,,0,0,same,1368+35060,J0,One NCBI Gene id (NCBI:4540) under two PrimeKG names: MT-ND5 / ND5,J0: same id
112,5082+35227,64134,NCBI:4509,MT-ATP8,gene,backfill: one CURIE hint for all members,every member carries the same PrimeKG id NCBI:4509,5082,NCBI:4509,gene/protein,MT-ATP8,NCBI:4509,NCBIGene:4509,yes,146,anatomy_protein_present 86; protein_protein 38; cellcomp_protein 8; bioprocess_protein 6; molfunc_protein 4; pathway_protein 4,,,0,,0,0,same,5082+35227,J0,One NCBI Gene id (NCBI:4509) under two PrimeKG names: MT-ATP8 / ATP8,name the entity carries
112,5082+35227,64134,NCBI:4509,MT-ATP8,gene,backfill: one CURIE hint for all members,every member carries the same PrimeKG id NCBI:4509,35227,NCBI:4509,gene/protein,ATP8,NCBI:4509,NCBIGene:4509,,4,disease_protein 4,0,0.000,0,,0,0,same,5082+35227,J0,One NCBI Gene id (NCBI:4509) under two PrimeKG names: MT-ATP8 / ATP8,J0: same id
113,9854+35195,66178,NCBIGene:115948,ODAD3,gene,backfill: one CURIE hint for all members,every member carries the same PrimeKG id NCBI:115948,9854,NCBI:115948,gene/protein,ODAD3,NCBI:115948,NCBIGene:115948,yes,88,protein_protein 70; bioprocess_protein 8; cellcomp_protein 8; molfunc_protein 2,,,0,,0,0,same,9854+35195,J0,One NCBI Gene id (NCBI:115948) under two PrimeKG names: ODAD3 / CCDC151,name the entity carries
113,9854+35195,66178,NCBIGene:115948,ODAD3,gene,backfill: one CURIE hint for all members,every member carries the same PrimeKG id NCBI:115948,35195,NCBI:115948,gene/protein,CCDC151,NCBI:115948,NCBIGene:115948,,2,disease_protein 2,0,0.000,0,,0,0,same,9854+35195,J0,One NCBI Gene id (NCBI:115948) under two PrimeKG names: ODAD3 / CCDC151,J0: same id
114,11990+35011,66208,NCBIGene:23247,KATNIP,gene,backfill: one CURIE hint for all members,every member carries the same PrimeKG id NCBI:23247,11990,NCBI:23247,gene/protein,KATNIP,NCBI:23247,NCBIGene:23247,yes,24,protein_protein 14; cellcomp_protein 8; bioprocess_protein 2,,,0,,0,0,same,11990+35011,J0,One NCBI Gene id (NCBI:23247) under two PrimeKG names: KATNIP / KIAA0556,name the entity carries
114,11990+35011,66208,NCBIGene:23247,KATNIP,gene,backfill: one CURIE hint for all members,every member carries the same PrimeKG id NCBI:23247,35011,NCBI:23247,gene/protein,KIAA0556,NCBI:23247,NCBIGene:23247,,2,disease_protein 2,0,0.000,0,,0,0,same,11990+35011,J0,One NCBI Gene id (NCBI:23247) under two PrimeKG names: KATNIP / KIAA0556,J0: same id
115,4703+35191,66391,NCBIGene:83538,ODAD4,gene,backfill: one CURIE hint for all members,every member carries the same PrimeKG id NCBI:83538,4703,NCBI:83538,gene/protein,ODAD4,NCBI:83538,NCBIGene:83538,yes,68,protein_protein 38; bioprocess_protein 18; cellcomp_protein 10; molfunc_protein 2,,,0,,0,0,same,4703+35191,J0,One NCBI Gene id (NCBI:83538) under two PrimeKG names: ODAD4 / TTC25,name the entity carries
115,4703+35191,66391,NCBIGene:83538,ODAD4,gene,backfill: one CURIE hint for all members,every member carries the same PrimeKG id NCBI:83538,35191,NCBI:83538,gene/protein,TTC25,NCBI:83538,NCBIGene:83538,,2,disease_protein 2,0,0.000,0,,0,0,same,4703+35191,J0,One NCBI Gene id (NCBI:83538) under two PrimeKG names: ODAD4 / TTC25,J0: same id
116,3101+33773,66924,NCBI:4538,MT-ND4,gene,backfill: one CURIE hint for all members,every member carries the same PrimeKG id NCBI:4538,3101,NCBI:4538,gene/protein,MT-ND4,NCBI:4538,NCBIGene:4538,yes,328,anatomy_protein_present 212; protein_protein 76; bioprocess_protein 20; cellcomp_protein 8; molfunc_protein 6; pathway_protein 4; target 2,,,0,,0,0,same,3101+33773,J0,One NCBI Gene id (NCBI:4538) under two PrimeKG names: MT-ND4 / ND4,name the entity carries
116,3101+33773,66924,NCBI:4538,MT-ND4,gene,backfill: one CURIE hint for all members,every member carries the same PrimeKG id NCBI:4538,33773,NCBI:4538,gene/protein,ND4,NCBI:4538,NCBIGene:4538,,12,disease_protein 12,0,0.000,0,,0,0,same,3101+33773,J0,One NCBI Gene id (NCBI:4538) under two PrimeKG names: MT-ND4 / ND4,J0: same id
117,3142+35239,66984,NCBI:4536,MT-ND2,gene,backfill: one CURIE hint for all members,every member carries the same PrimeKG id NCBI:4536,3142,NCBI:4536,gene/protein,MT-ND2,NCBI:4536,NCBIGene:4536,yes,154,anatomy_protein_present 86; protein_protein 42; cellcomp_protein 8; bioprocess_protein 6; molfunc_protein 6; pathway_protein 4; target 2,,,0,,0,0,same,3142+35239,J0,One NCBI Gene id (NCBI:4536) under two PrimeKG names: MT-ND2 / ND2,name the entity carries
117,3142+35239,66984,NCBI:4536,MT-ND2,gene,backfill: one CURIE hint for all members,every member carries the same PrimeKG id NCBI:4536,35239,NCBI:4536,gene/protein,ND2,NCBI:4536,NCBIGene:4536,,10,disease_protein 10,0,0.000,0,,0,0,same,3142+35239,J0,One NCBI Gene id (NCBI:4536) under two PrimeKG names: MT-ND2 / ND2,J0: same id
118,10009+35196,67641,NCBIGene:139212,DNAAF6,gene,backfill: one CURIE hint for all members,every member carries the same PrimeKG id NCBI:139212,10009,NCBI:139212,gene/protein,DNAAF6,NCBI:139212,NCBIGene:139212,yes,54,protein_protein 34; bioprocess_protein 10; molfunc_protein 6; cellcomp_protein 4,,,0,,0,0,same,10009+35196,J0,One NCBI Gene id (NCBI:139212) under two PrimeKG names: DNAAF6 / PIH1D3,name the entity carries
118,10009+35196,67641,NCBIGene:139212,DNAAF6,gene,backfill: one CURIE hint for all members,every member carries the same PrimeKG id NCBI:139212,35196,NCBI:139212,gene/protein,PIH1D3,NCBI:139212,NCBIGene:139212,,4,disease_protein 4,0,0.000,0,,0,0,same,10009+35196,J0,One NCBI Gene id (NCBI:139212) under two PrimeKG names: DNAAF6 / PIH1D3,J0: same id
119,13237+34952,67673,NCBIGene:255758,DYNLT2B,gene,backfill: one CURIE hint for all members,every member carries the same PrimeKG id NCBI:255758,13237,NCBI:255758,gene/protein,DYNLT2B,NCBI:255758,NCBIGene:255758,yes,70,protein_protein 44; cellcomp_protein 12; bioprocess_protein 8; molfunc_protein 4; pathway_protein 2,,,0,,0,0,same,13237+34952,J0,One NCBI Gene id (NCBI:255758) under two PrimeKG names: DYNLT2B / TCTEX1D2,name the entity carries
119,13237+34952,67673,NCBIGene:255758,DYNLT2B,gene,backfill: one CURIE hint for all members,every member carries the same PrimeKG id NCBI:255758,34952,NCBI:255758,gene/protein,TCTEX1D2,NCBI:255758,NCBIGene:255758,,16,disease_protein 16,0,0.000,0,,0,0,same,13237+34952,J0,One NCBI Gene id (NCBI:255758) under two PrimeKG names: DYNLT2B / TCTEX1D2,J0: same id
120,3606+34395,67795,NCBIGene:4512,MT-CO1,gene,backfill: one CURIE hint for all members,every member carries the same PrimeKG id NCBI:4512,3606,NCBI:4512,gene/protein,MT-CO1,NCBI:4512,NCBIGene:4512,yes,202,anatomy_protein_present 86; protein_protein 64; bioprocess_protein 18; cellcomp_protein 10; molfunc_protein 8; pathway_protein 6; target 6; enzyme 4,,,0,,0,0,same,3606+34395,J0,One NCBI Gene id (NCBI:4512) under two PrimeKG names: MT-CO1 / COX1,name the entity carries
120,3606+34395,67795,NCBIGene:4512,MT-CO1,gene,backfill: one CURIE hint for all members,every member carries the same PrimeKG id NCBI:4512,34395,NCBI:4512,gene/protein,COX1,NCBI:4512,NCBIGene:4512,,22,disease_protein 22,0,0.000,0,,0,0,same,3606+34395,J0,One NCBI Gene id (NCBI:4512) under two PrimeKG names: MT-CO1 / COX1,J0: same id
121,7358+35065,68126,NCBIGene:4514,MT-CO3,gene,backfill: one CURIE hint for all members,every member carries the same PrimeKG id NCBI:4514,7358,NCBI:4514,gene/protein,MT-CO3,NCBI:4514,NCBIGene:4514,yes,136,anatomy_protein_present 86; protein_protein 16; bioprocess_protein 8; cellcomp_protein 8; molfunc_protein 8; pathway_protein 6; target 4,,,0,,0,0,same,7358+35065,J0,One NCBI Gene id (NCBI:4514) under two PrimeKG names: MT-CO3 / COX3,name the entity carries
121,7358+35065,68126,NCBIGene:4514,MT-CO3,gene,backfill: one CURIE hint for all members,every member carries the same PrimeKG id NCBI:4514,35065,NCBI:4514,gene/protein,COX3,NCBI:4514,NCBIGene:4514,,12,disease_protein 12,0,0.000,0,,0,0,same,7358+35065,J0,One NCBI Gene id (NCBI:4514) under two PrimeKG names: MT-CO3 / COX3,J0: same id
122,11159+33947,68589,NCBIGene:55259,DNAI7,gene,backfill: one CURIE hint for all members,every member carries the same PrimeKG id NCBI:55259,11159,NCBI:55259,gene/protein,DNAI7,NCBI:55259,NCBIGene:55259,yes,26,protein_protein 16; molfunc_protein 6; cellcomp_protein 4,,,0,,0,0,same,11159+33947,J0,One NCBI Gene id (NCBI:55259) under two PrimeKG names: DNAI7 / CASC1,name the entity carries
122,11159+33947,68589,NCBIGene:55259,DNAI7,gene,backfill: one CURIE hint for all members,every member carries the same PrimeKG id NCBI:55259,33947,NCBI:55259,gene/protein,CASC1,NCBI:55259,NCBIGene:55259,,4,disease_protein 4,0,0.000,0,,0,0,same,11159+33947,J0,One NCBI Gene id (NCBI:55259) under two PrimeKG names: DNAI7 / CASC1,J0: same id
123,9792+34042,68934,NCBIGene:113201,GOLM2,gene,backfill: one CURIE hint for all members,every member carries the same PrimeKG id NCBI:113201,9792,NCBI:113201,gene/protein,GOLM2,NCBI:113201,NCBIGene:113201,yes,48,protein_protein 44; cellcomp_protein 4,,,0,,0,0,same,9792+34042,J0,One NCBI Gene id (NCBI:113201) under two PrimeKG names: GOLM2 / CASC4,name the entity carries
123,9792+34042,68934,NCBIGene:113201,GOLM2,gene,backfill: one CURIE hint for all members,every member carries the same PrimeKG id NCBI:113201,34042,NCBI:113201,gene/protein,CASC4,NCBI:113201,NCBIGene:113201,,2,disease_protein 2,0,0.000,0,,0,0,same,9792+34042,J0,One NCBI Gene id (NCBI:113201) under two PrimeKG names: GOLM2 / CASC4,J0: same id
124,4377+34095,69034,NCBIGene:2538,G6PC1,gene,backfill: one CURIE hint for all members,every member carries the same PrimeKG id NCBI:2538,4377,NCBI:2538,gene/protein,G6PC1,NCBI:2538,NCBIGene:2538,yes,80,bioprocess_protein 34; protein_protein 24; cellcomp_protein 8; molfunc_protein 8; pathway_protein 6,,,0,,0,0,same,4377+34095,J0,One NCBI Gene id (NCBI:2538) under two PrimeKG names: G6PC1 / G6PC,name the entity carries
124,4377+34095,69034,NCBIGene:2538,G6PC1,gene,backfill: one CURIE hint for all members,every member carries the same PrimeKG id NCBI:2538,34095,NCBI:2538,gene/protein,G6PC,NCBI:2538,NCBIGene:2538,,22,disease_protein 22,0,0.000,0,,0,0,same,4377+34095,J0,One NCBI Gene id (NCBI:2538) under two PrimeKG names: G6PC1 / G6PC,J0: same id
125,13763+34708,69343,NCBIGene:144577,KICS2,gene,backfill: one CURIE hint for all members,every member carries the same PrimeKG id NCBI:144577,13763,NCBI:144577,gene/protein,KICS2,NCBI:144577,NCBIGene:144577,yes,36,protein_protein 18; bioprocess_protein 8; cellcomp_protein 8; pathway_protein 2,,,0,,0,0,same,13763+34708,J0,One NCBI Gene id (NCBI:144577) under two PrimeKG names: KICS2 / C12orf66,name the entity carries
125,13763+34708,69343,NCBIGene:144577,KICS2,gene,backfill: one CURIE hint for all members,every member carries the same PrimeKG id NCBI:144577,34708,NCBI:144577,gene/protein,C12orf66,NCBI:144577,NCBIGene:144577,,2,disease_protein 2,0,0.000,0,,0,0,same,13763+34708,J0,One NCBI Gene id (NCBI:144577) under two PrimeKG names: KICS2 / C12orf66,J0: same id
126,5789+35061,71116,NCBI:4541,MT-ND6,gene,backfill: one CURIE hint for all members,every member carries the same PrimeKG id NCBI:4541,5789,NCBI:4541,gene/protein,MT-ND6,NCBI:4541,NCBIGene:4541,yes,134,anatomy_protein_present 86; protein_protein 24; bioprocess_protein 10; cellcomp_protein 6; pathway_protein 4; molfunc_protein 2; target 2,,,0,,0,0,same,5789+35061,J0,One NCBI Gene id (NCBI:4541) under two PrimeKG names: MT-ND6 / ND6,name the entity carries
126,5789+35061,71116,NCBI:4541,MT-ND6,gene,backfill: one CURIE hint for all members,every member carries the same PrimeKG id NCBI:4541,35061,NCBI:4541,gene/protein,ND6,NCBI:4541,NCBIGene:4541,,12,disease_protein 12,0,0.000,0,,0,0,same,5789+35061,J0,One NCBI Gene id (NCBI:4541) under two PrimeKG names: MT-ND6 / ND6,J0: same id
127,5811+33906,71142,NCBIGene:4513,MT-CO2,gene,backfill: one CURIE hint for all members,every member carries the same PrimeKG id NCBI:4513,5811,NCBI:4513,gene/protein,MT-CO2,NCBI:4513,NCBIGene:4513,yes,196,anatomy_protein_present 86; protein_protein 66; bioprocess_protein 16; cellcomp_protein 10; molfunc_protein 6; pathway_protein 6; target 6,,,0,,0,0,same,5811+33906,J0,One NCBI Gene id (NCBI:4513) under two PrimeKG names: MT-CO2 / COX2,name the entity carries
127,5811+33906,71142,NCBIGene:4513,MT-CO2,gene,backfill: one CURIE hint for all members,every member carries the same PrimeKG id NCBI:4513,33906,NCBI:4513,gene/protein,COX2,NCBI:4513,NCBIGene:4513,,20,disease_protein 20,0,0.000,0,,0,0,same,5811+33906,J0,One NCBI Gene id (NCBI:4513) under two PrimeKG names: MT-CO2 / COX2,J0: same id
128,10538+35187,71591,NCBIGene:23639,DNAAF11,gene,backfill: one CURIE hint for all members,every member carries the same PrimeKG id NCBI:23639,10538,NCBI:23639,gene/protein,DNAAF11,NCBI:23639,NCBIGene:23639,yes,78,protein_protein 34; bioprocess_protein 30; cellcomp_protein 12; molfunc_protein 2,,,0,,0,0,same,10538+35187,J0,One NCBI Gene id (NCBI:23639) under two PrimeKG names: DNAAF11 / LRRC6,name the entity carries
128,10538+35187,71591,NCBIGene:23639,DNAAF11,gene,backfill: one CURIE hint for all members,every member carries the same PrimeKG id NCBI:23639,35187,NCBI:23639,gene/protein,LRRC6,NCBI:23639,NCBIGene:23639,,2,disease_protein 2,0,0.000,0,,0,0,same,10538+35187,J0,One NCBI Gene id (NCBI:23639) under two PrimeKG names: DNAAF11 / LRRC6,J0: same id
129,6637+34591,72286,NCBIGene:4535,MT-ND1,gene,backfill: one CURIE hint for all members,every member carries the same PrimeKG id NCBI:4535,6637,NCBI:4535,gene/protein,MT-ND1,NCBI:4535,NCBIGene:4535,yes,254,protein_protein 114; anatomy_protein_present 86; target 14; bioprocess_protein 12; cellcomp_protein 12; molfunc_protein 6; exposure_protein 4; pathway_protein 4; enzyme 2,,,0,,0,0,same,6637+34591,J0,One NCBI Gene id (NCBI:4535) under two PrimeKG names: MT-ND1 / ND1,name the entity carries
129,6637+34591,72286,NCBIGene:4535,MT-ND1,gene,backfill: one CURIE hint for all members,every member carries the same PrimeKG id NCBI:4535,34591,NCBI:4535,gene/protein,ND1,NCBI:4535,NCBIGene:4535,,16,disease_protein 16,0,0.000,0,,0,0,same,6637+34591,J0,One NCBI Gene id (NCBI:4535) under two PrimeKG names: MT-ND1 / ND1,J0: same id
130,11604+34397,72497,NCBI:4539,MT-ND4L,gene,backfill: one CURIE hint for all members,every member carries the same PrimeKG id NCBI:4539,11604,NCBI:4539,gene/protein,MT-ND4L,NCBI:4539,NCBIGene:4539,yes,118,anatomy_protein_present 86; protein_protein 18; cellcomp_protein 8; bioprocess_protein 2; molfunc_protein 2; target 2,,,0,,0,0,same,11604+34397,J0,One NCBI Gene id (NCBI:4539) under two PrimeKG names: MT-ND4L / ND4L,name the entity carries
130,11604+34397,72497,NCBI:4539,MT-ND4L,gene,backfill: one CURIE hint for all members,every member carries the same PrimeKG id NCBI:4539,34397,NCBI:4539,gene/protein,ND4L,NCBI:4539,NCBIGene:4539,,8,disease_protein 8,0,0.000,0,,0,0,same,11604+34397,J0,One NCBI Gene id (NCBI:4539) under two PrimeKG names: MT-ND4L / ND4L,J0: same id
131,7103+35319,72856,NCBIGene:54928,BPNT2,gene,backfill: one CURIE hint for all members,every member carries the same PrimeKG id NCBI:54928,7103,NCBI:54928,gene/protein,BPNT2,NCBI:54928,NCBIGene:54928,yes,90,protein_protein 44; bioprocess_protein 18; cellcomp_protein 18; molfunc_protein 8; pathway_protein 2,,,0,,0,0,same,7103+35319,J0,One NCBI Gene id (NCBI:54928) under two PrimeKG names: BPNT2 / IMPAD1,name the entity carries
131,7103+35319,72856,NCBIGene:54928,BPNT2,gene,backfill: one CURIE hint for all members,every member carries the same PrimeKG id NCBI:54928,35319,NCBI:54928,gene/protein,IMPAD1,NCBI:54928,NCBIGene:54928,,2,disease_protein 2,0,0.000,0,,0,0,same,7103+35319,J0,One NCBI Gene id (NCBI:54928) under two PrimeKG names: BPNT2 / IMPAD1,J0: same id
132,8366+35089,73246,NCBIGene:89891,DYNC2I2,gene,backfill: one CURIE hint for all members,every member carries the same PrimeKG id NCBI:89891,8366,NCBI:89891,gene/protein,DYNC2I2,NCBI:89891,NCBIGene:89891,yes,116,protein_protein 76; cellcomp_protein 22; bioprocess_protein 10; molfunc_protein 6; pathway_protein 2,,,0,,0,0,same,8366+35089,J0,One NCBI Gene id (NCBI:89891) under two PrimeKG names: DYNC2I2 / WDR34,name the entity carries
132,8366+35089,73246,NCBIGene:89891,DYNC2I2,gene,backfill: one CURIE hint for all members,every member carries the same PrimeKG id NCBI:89891,35089,NCBI:89891,gene/protein,WDR34,NCBI:89891,NCBIGene:89891,,12,disease_protein 12,0,0.000,0,,0,0,same,8366+35089,J0,One NCBI Gene id (NCBI:89891) under two PrimeKG names: DYNC2I2 / WDR34,J0: same id
133,7434+34700,73250,NCBIGene:4508,MT-ATP6,gene,backfill: one CURIE hint for all members,every member carries the same PrimeKG id NCBI:4508,7434,NCBI:4508,gene/protein,MT-ATP6,NCBI:4508,NCBIGene:4508,yes,140,anatomy_protein_present 86; bioprocess_protein 12; protein_protein 12; target 12; cellcomp_protein 10; molfunc_protein 4; pathway_protein 4,,,8,target 8,0,0,same,7434+34700,J0,One NCBI Gene id (NCBI:4508) under two PrimeKG names: MT-ATP6 / ATP6,name the entity carries
133,7434+34700,73250,NCBIGene:4508,MT-ATP6,gene,backfill: one CURIE hint for all members,every member carries the same PrimeKG id NCBI:4508,34700,NCBI:4508,gene/protein,ATP6,NCBI:4508,NCBIGene:4508,,18,disease_protein 18,0,0.000,8,target 8,0,0,same,7434+34700,J0,One NCBI Gene id (NCBI:4508) under two PrimeKG names: MT-ATP6 / ATP6,J0: same id
134,7504+35059,73334,NCBI:4537,MT-ND3,gene,backfill: one CURIE hint for all members,every member carries the same PrimeKG id NCBI:4537,7504,NCBI:4537,gene/protein,MT-ND3,NCBI:4537,NCBIGene:4537,yes,134,anatomy_protein_present 86; protein_protein 20; bioprocess_protein 10; cellcomp_protein 8; molfunc_protein 4; pathway_protein 4; target 2,,,0,,0,0,same,7504+35059,J0,One NCBI Gene id (NCBI:4537) under two PrimeKG names: MT-ND3 / ND3,name the entity carries
134,7504+35059,73334,NCBI:4537,MT-ND3,gene,backfill: one CURIE hint for all members,every member carries the same PrimeKG id NCBI:4537,35059,NCBI:4537,gene/protein,ND3,NCBI:4537,NCBIGene:4537,,12,disease_protein 12,0,0.000,0,,0,0,same,7504+35059,J0,One NCBI Gene id (NCBI:4537) under two PrimeKG names: MT-ND3 / ND3,J0: same id
135,8276+35194,73604,NCBIGene:93233,ODAD1,gene,backfill: one CURIE hint for all members,every member carries the same PrimeKG id NCBI:93233,8276,NCBI:93233,gene/protein,ODAD1,NCBI:93233,NCBIGene:93233,yes,34,protein_protein 22; cellcomp_protein 6; bioprocess_protein 4; molfunc_protein 2,,,0,,0,0,same,8276+35194,J0,One NCBI Gene id (NCBI:93233) under two PrimeKG names: ODAD1 / CCDC114,name the entity carries
135,8276+35194,73604,NCBIGene:93233,ODAD1,gene,backfill: one CURIE hint for all members,every member carries the same PrimeKG id NCBI:93233,35194,NCBI:93233,gene/protein,CCDC114,NCBI:93233,NCBIGene:93233,,2,disease_protein 2,0,0.000,0,,0,0,same,8276+35194,J0,One NCBI Gene id (NCBI:93233) under two PrimeKG names: ODAD1 / CCDC114,J0: same id
136,13436+34671,73620,NCBIGene:30834,POLR1H,gene,backfill: one CURIE hint for all members,every member carries the same PrimeKG id NCBI:30834,13436,NCBI:30834,gene/protein,POLR1H,NCBI:30834,NCBIGene:30834,yes,78,protein_protein 46; bioprocess_protein 10; pathway_protein 10; molfunc_protein 8; cellcomp_protein 4,,,0,,0,0,same,13436+34671,J0,One NCBI Gene id (NCBI:30834) under two PrimeKG names: POLR1H / ZNRD1,name the entity carries
136,13436+34671,73620,NCBIGene:30834,POLR1H,gene,backfill: one CURIE hint for all members,every member carries the same PrimeKG id NCBI:30834,34671,NCBI:30834,gene/protein,ZNRD1,NCBI:30834,NCBIGene:30834,,10,disease_protein 10,0,0.000,0,,0,0,same,13436+34671,J0,One NCBI Gene id (NCBI:30834) under two PrimeKG names: POLR1H / ZNRD1,J0: same id
137,11243+22104,74479,NCBIGene:57700,FHIP2A,gene,backfill: one CURIE hint for all members,every member carries the same PrimeKG id NCBI:57700,11243,NCBI:57700,gene/protein,FHIP2A,NCBI:57700,NCBIGene:57700,yes,14,protein_protein 14,,,0,,0,0,same,11243+22104,J0,One NCBI Gene id (NCBI:57700) under two PrimeKG names: FHIP2A / FAM160B1,name the entity carries
137,11243+22104,74479,NCBIGene:57700,FHIP2A,gene,backfill: one CURIE hint for all members,every member carries the same PrimeKG id NCBI:57700,22104,NCBI:57700,gene/protein,FAM160B1,NCBI:57700,NCBIGene:57700,,4,disease_protein 2; phenotype_protein 2,0,0.000,0,,0,0,same,11243+22104,J0,One NCBI Gene id (NCBI:57700) under two PrimeKG names: FHIP2A / FAM160B1,J0: same id
138,35291+56820,74852,NCBIGene:84529,CDIN1,gene,backfill: one CURIE hint for all members,every member carries the same PrimeKG id NCBI:84529,35291,NCBI:84529,gene/protein,C15orf41,NCBI:84529,NCBIGene:84529,,6,disease_protein 6,0,0.000,0,,0,0,same,35291+56820,J0,One NCBI Gene id (NCBI:84529) under two PrimeKG names: C15orf41 / CDIN1,J0: same id
138,35291+56820,74852,NCBIGene:84529,CDIN1,gene,backfill: one CURIE hint for all members,every member carries the same PrimeKG id NCBI:84529,56820,NCBI:84529,gene/protein,CDIN1,NCBI:84529,NCBIGene:84529,yes,18,protein_protein 10; cellcomp_protein 4; bioprocess_protein 2; molfunc_protein 2,,,0,,0,0,same,35291+56820,J0,One NCBI Gene id (NCBI:84529) under two PrimeKG names: C15orf41 / CDIN1,name the entity carries
139,9427+34396,75550,NCBIGene:4519,MT-CYB,gene,backfill: one CURIE hint for all members,every member carries the same PrimeKG id NCBI:4519,9427,NCBI:4519,gene/protein,MT-CYB,NCBI:4519,NCBIGene:4519,yes,174,anatomy_protein_present 86; bioprocess_protein 32; protein_protein 20; target 18; cellcomp_protein 10; molfunc_protein 6; pathway_protein 2,,,0,,0,0,same,9427+34396,J0,One NCBI Gene id (NCBI:4519) under two PrimeKG names: MT-CYB / CYTB,name the entity carries
139,9427+34396,75550,NCBIGene:4519,MT-CYB,gene,backfill: one CURIE hint for all members,every member carries the same PrimeKG id NCBI:4519,34396,NCBI:4519,gene/protein,CYTB,NCBI:4519,NCBIGene:4519,,12,disease_protein 12,0,0.000,0,,0,0,same,9427+34396,J0,One NCBI Gene id (NCBI:4519) under two PrimeKG names: MT-CYB / CYTB,J0: same id
140,35413+59893,75581,NCBIGene:728215,NALF1,gene,backfill: one CURIE hint for all members,every member carries the same PrimeKG id NCBI:728215,35413,NCBI:728215,gene/protein,FAM155A,NCBI:728215,NCBIGene:728215,,2,disease_protein 2,0,0.000,0,,0,0,same,35413+59893,J0,One NCBI Gene id (NCBI:728215) under two PrimeKG names: FAM155A / NALF1,J0: same id
140,35413+59893,75581,NCBIGene:728215,NALF1,gene,backfill: one CURIE hint for all members,every member carries the same PrimeKG id NCBI:728215,59893,NCBI:728215,gene/protein,NALF1,NCBI:728215,NCBIGene:728215,yes,18,protein_protein 10; cellcomp_protein 4; bioprocess_protein 2; molfunc_protein 2,,,0,,0,0,same,35413+59893,J0,One NCBI Gene id (NCBI:728215) under two PrimeKG names: FAM155A / NALF1,name the entity carries
141,13548+34545,76168,NCBIGene:137392,CIBAR1,gene,backfill: one CURIE hint for all members,every member carries the same PrimeKG id NCBI:137392,13548,NCBI:137392,gene/protein,CIBAR1,NCBI:137392,NCBIGene:137392,yes,38,cellcomp_protein 14; bioprocess_protein 10; protein_protein 10; molfunc_protein 4,,,0,,0,0,same,13548+34545,J0,One NCBI Gene id (NCBI:137392) under two PrimeKG names: CIBAR1 / FAM92A,name the entity carries
141,13548+34545,76168,NCBIGene:137392,CIBAR1,gene,backfill: one CURIE hint for all members,every member carries the same PrimeKG id NCBI:137392,34545,NCBI:137392,gene/protein,FAM92A,NCBI:137392,NCBIGene:137392,,12,disease_protein 12,0,0.000,0,,0,0,same,13548+34545,J0,One NCBI Gene id (NCBI:137392) under two PrimeKG names: CIBAR1 / FAM92A,J0: same id
142,35256+56871,77341,NCBIGene:91574,MTRFR,gene,backfill: one CURIE hint for all members,every member carries the same PrimeKG id NCBI:91574,35256,NCBI:91574,gene/protein,C12orf65,NCBI:91574,NCBIGene:91574,,6,disease_protein 6,0,0.000,0,,0,0,same,35256+56871,J0,One NCBI Gene id (NCBI:91574) under two PrimeKG names: C12orf65 / MTRFR,J0: same id
142,35256+56871,77341,NCBIGene:91574,MTRFR,gene,backfill: one CURIE hint for all members,every member carries the same PrimeKG id NCBI:91574,56871,NCBI:91574,gene/protein,MTRFR,NCBI:91574,NCBIGene:91574,yes,22,molfunc_protein 8; protein_protein 6; bioprocess_protein 4; cellcomp_protein 4,,,0,,0,0,same,35256+56871,J0,One NCBI Gene id (NCBI:91574) under two PrimeKG names: C12orf65 / MTRFR,name the entity carries
143,34503+57109,77429,NCBIGene:157657,CFAP418,gene,backfill: one CURIE hint for all members,every member carries the same PrimeKG id NCBI:157657,34503,NCBI:157657,gene/protein,C8orf37,NCBI:157657,NCBIGene:157657,,6,disease_protein 6,0,0.000,0,,0,0,same,34503+57109,J0,One NCBI Gene id (NCBI:157657) under two PrimeKG names: C8orf37 / CFAP418,J0: same id
143,34503+57109,77429,NCBIGene:157657,CFAP418,gene,backfill: one CURIE hint for all members,every member carries the same PrimeKG id NCBI:157657,57109,NCBI:157657,gene/protein,CFAP418,NCBI:157657,NCBIGene:157657,yes,26,cellcomp_protein 12; protein_protein 10; bioprocess_protein 2; molfunc_protein 2,,,0,,0,0,same,34503+57109,J0,One NCBI Gene id (NCBI:157657) under two PrimeKG names: C8orf37 / CFAP418,name the entity carries
144,34750+83713,78308,NCBI:132332,SMIM43,gene,backfill: one CURIE hint for all members,every member carries the same PrimeKG id NCBI:132332,34750,NCBI:132332,gene/protein,TMEM155,NCBI:132332,NCBIGene:132332,,4,disease_protein 4,0,0.000,0,,0,0,same,34750+83713,J0,One NCBI Gene id (NCBI:132332) under two PrimeKG names: TMEM155 / SMIM43,J0: same id
144,34750+83713,78308,NCBI:132332,SMIM43,gene,backfill: one CURIE hint for all members,every member carries the same PrimeKG id NCBI:132332,83713,NCBI:132332,gene/protein,SMIM43,NCBI:132332,NCBIGene:132332,yes,2,protein_protein 2,,,0,,0,0,same,34750+83713,J0,One NCBI Gene id (NCBI:132332) under two PrimeKG names: TMEM155 / SMIM43,name the entity carries
145,35189+56658,78431,NCBIGene:55130,ODAD2,gene,backfill: one CURIE hint for all members,every member carries the same PrimeKG id NCBI:55130,35189,NCBI:55130,gene/protein,ARMC4,NCBI:55130,NCBIGene:55130,,2,disease_protein 2,0,0.000,0,,0,0,same,35189+56658,J0,One NCBI Gene id (NCBI:55130) under two PrimeKG names: ARMC4 / ODAD2,J0: same id
145,35189+56658,78431,NCBIGene:55130,ODAD2,gene,backfill: one CURIE hint for all members,every member carries the same PrimeKG id NCBI:55130,56658,NCBI:55130,gene/protein,ODAD2,NCBI:55130,NCBIGene:55130,yes,22,bioprocess_protein 12; cellcomp_protein 4; protein_protein 4; molfunc_protein 2,,,0,,0,0,same,35189+56658,J0,One NCBI Gene id (NCBI:55130) under two PrimeKG names: ARMC4 / ODAD2,name the entity carries
146,35205+61463,78965,NCBI:65998,ZFTA,gene,backfill: one CURIE hint for all members,every member carries the same PrimeKG id NCBI:65998,35205,NCBI:65998,gene/protein,C11orf95,NCBI:65998,NCBIGene:65998,,8,disease_protein 8,0,0.000,0,,0,0,same,35205+61463,J0,One NCBI Gene id (NCBI:65998) under two PrimeKG names: C11orf95 / ZFTA,J0: same id
146,35205+61463,78965,NCBI:65998,ZFTA,gene,backfill: one CURIE hint for all members,every member carries the same PrimeKG id NCBI:65998,61463,NCBI:65998,gene/protein,ZFTA,NCBI:65998,NCBIGene:65998,yes,4,bioprocess_protein 2; protein_protein 2,,,0,,0,0,same,35205+61463,J0,One NCBI Gene id (NCBI:65998) under two PrimeKG names: C11orf95 / ZFTA,name the entity carries
147,22053+78273,89652,NCBIGene:4549,RNR1,gene,backfill: one CURIE hint for all members,every member carries the same PrimeKG id NCBI:4549,22053,NCBI:4549,gene/protein,RNR1,NCBI:4549,NCBIGene:4549,yes,10,disease_protein 6; phenotype_protein 4,,,0,,0,0,same,22053+78273,J0,One NCBI Gene id (NCBI:4549) under two PrimeKG names: RNR1 / MT-RNR1,name the entity carries
147,22053+78273,89652,NCBIGene:4549,RNR1,gene,backfill: one CURIE hint for all members,every member carries the same PrimeKG id NCBI:4549,78273,NCBI:4549,gene/protein,MT-RNR1,NCBI:4549,NCBIGene:4549,,86,anatomy_protein_present 86,0,0.000,0,,0,0,same,22053+78273,J0,One NCBI Gene id (NCBI:4549) under two PrimeKG names: RNR1 / MT-RNR1,J0: same id
148,22109+78249,89851,NCBIGene:4567,TRNL1,gene,backfill: one CURIE hint for all members,every member carries the same PrimeKG id NCBI:4567,22109,NCBI:4567,gene/protein,TRNL1,NCBI:4567,NCBIGene:4567,yes,20,disease_protein 18; phenotype_protein 2,,,0,,0,0,same,22109+78249,J0,One NCBI Gene id (NCBI:4567) under two PrimeKG names: TRNL1 / MT-TL1,name the entity carries
148,22109+78249,89851,NCBIGene:4567,TRNL1,gene,backfill: one CURIE hint for all members,every member carries the same PrimeKG id NCBI:4567,78249,NCBI:4567,gene/protein,MT-TL1,NCBI:4567,NCBIGene:4567,,78,anatomy_protein_present 78,0,0.000,0,,0,0,same,22109+78249,J0,One NCBI Gene id (NCBI:4567) under two PrimeKG names: TRNL1 / MT-TL1,J0: same id
149,34784+60796,111295,NCBI:339970,GCOM2,gene,backfill: one CURIE hint for all members,every member carries the same PrimeKG id NCBI:339970,34784,NCBI:339970,gene/protein,GCOM2,NCBI:339970,NCBIGene:339970,yes,30,disease_protein 30,,,0,,0,0,same,34784+60796,J0,One NCBI Gene id (NCBI:339970) under two PrimeKG names: GCOM2 / POLR2MP1,name the entity carries
149,34784+60796,111295,NCBI:339970,GCOM2,gene,backfill: one CURIE hint for all members,every member carries the same PrimeKG id NCBI:339970,60796,NCBI:339970,gene/protein,POLR2MP1,NCBI:339970,NCBIGene:339970,,10,cellcomp_protein 6; bioprocess_protein 4,0,0.000,0,,0,0,same,34784+60796,J0,One NCBI Gene id (NCBI:339970) under two PrimeKG names: GCOM2 / POLR2MP1,J0: same id
150,35150+78258,111835,NCBIGene:4570,TRNN,gene,backfill: one CURIE hint for all members,every member carries the same PrimeKG id NCBI:4570,35150,NCBI:4570,gene/protein,TRNN,NCBI:4570,NCBIGene:4570,yes,8,disease_protein 8,,,0,,0,0,same,35150+78258,J0,One NCBI Gene id (NCBI:4570) under two PrimeKG names: TRNN / MT-TN,name the entity carries
150,35150+78258,111835,NCBIGene:4570,TRNN,gene,backfill: one CURIE hint for all members,every member carries the same PrimeKG id NCBI:4570,78258,NCBI:4570,gene/protein,MT-TN,NCBI:4570,NCBIGene:4570,,78,anatomy_protein_present 78,0,0.000,0,,0,0,same,35150+78258,J0,One NCBI Gene id (NCBI:4570) under two PrimeKG names: TRNN / MT-TN,J0: same id
151,35151+78261,111836,NCBIGene:4574,TRNS1,gene,backfill: one CURIE hint for all members,every member carries the same PrimeKG id NCBI:4574,35151,NCBI:4574,gene/protein,TRNS1,NCBI:4574,NCBIGene:4574,yes,16,disease_protein 16,,,0,,0,0,same,35151+78261,J0,One NCBI Gene id (NCBI:4574) under two PrimeKG names: TRNS1 / MT-TS1,name the entity carries
151,35151+78261,111836,NCBIGene:4574,TRNS1,gene,backfill: one CURIE hint for all members,every member carries the same PrimeKG id NCBI:4574,78261,NCBI:4574,gene/protein,MT-TS1,NCBI:4574,NCBIGene:4574,,78,anatomy_protein_present 78,0,0.000,0,,0,0,same,35151+78261,J0,One NCBI Gene id (NCBI:4574) under two PrimeKG names: TRNS1 / MT-TS1,J0: same id
152,35156+57339,111840,NCBI:339145,FAM92B,gene,backfill: one CURIE hint for all members,every member carries the same PrimeKG id NCBI:339145,35156,NCBI:339145,gene/protein,FAM92B,NCBI:339145,NCBIGene:339145,yes,10,disease_protein 10,,,0,,0,0,same,35156+57339,J0,One NCBI Gene id (NCBI:339145) under two PrimeKG names: FAM92B / CIBAR2,name the entity carries
152,35156+57339,111840,NCBI:339145,FAM92B,gene,backfill: one CURIE hint for all members,every member carries the same PrimeKG id NCBI:339145,57339,NCBI:339145,gene/protein,CIBAR2,NCBI:339145,NCBIGene:339145,,10,cellcomp_protein 6; bioprocess_protein 2; molfunc_protein 2,0,0.000,0,,0,0,same,35156+57339,J0,One NCBI Gene id (NCBI:339145) under two PrimeKG names: FAM92B / CIBAR2,J0: same id
153,35220+78268,112051,NCBIGene:4575,TRNS2,gene,backfill: one CURIE hint for all members,every member carries the same PrimeKG id NCBI:4575,35220,NCBI:4575,gene/protein,TRNS2,NCBI:4575,NCBIGene:4575,yes,6,disease_protein 6,,,0,,0,0,same,35220+78268,J0,One NCBI Gene id (NCBI:4575) under two PrimeKG names: TRNS2 / MT-TS2,name the entity carries
153,35220+78268,112051,NCBIGene:4575,TRNS2,gene,backfill: one CURIE hint for all members,every member carries the same PrimeKG id NCBI:4575,78268,NCBI:4575,gene/protein,MT-TS2,NCBI:4575,NCBIGene:4575,,70,anatomy_protein_present 70,0,0.000,0,,0,0,same,35220+78268,J0,One NCBI Gene id (NCBI:4575) under two PrimeKG names: TRNS2 / MT-TS2,J0: same id
154,35228+78256,112118,NCBIGene:4578,TRNW,gene,backfill: one CURIE hint for all members,every member carries the same PrimeKG id NCBI:4578,35228,NCBI:4578,gene/protein,TRNW,NCBI:4578,NCBIGene:4578,yes,6,disease_protein 6,,,0,,0,0,same,35228+78256,J0,One NCBI Gene id (NCBI:4578) under two PrimeKG names: TRNW / MT-TW,name the entity carries
154,35228+78256,112118,NCBIGene:4578,TRNW,gene,backfill: one CURIE hint for all members,every member carries the same PrimeKG id NCBI:4578,78256,NCBI:4578,gene/protein,MT-TW,NCBI:4578,NCBIGene:4578,,56,anatomy_protein_present 56,0,0.000,0,,0,0,same,35228+78256,J0,One NCBI Gene id (NCBI:4578) under two PrimeKG names: TRNW / MT-TW,J0: same id
155,35230+78259,112119,NCBIGene:4511,TRNC,gene,backfill: one CURIE hint for all members,every member carries the same PrimeKG id NCBI:4511,35230,NCBI:4511,gene/protein,TRNC,NCBI:4511,NCBIGene:4511,yes,2,disease_protein 2,,,0,,0,0,same,35230+78259,J0,One NCBI Gene id (NCBI:4511) under two PrimeKG names: TRNC / MT-TC,name the entity carries
155,35230+78259,112119,NCBIGene:4511,TRNC,gene,backfill: one CURIE hint for all members,every member carries the same PrimeKG id NCBI:4511,78259,NCBI:4511,gene/protein,MT-TC,NCBI:4511,NCBIGene:4511,,78,anatomy_protein_present 78,0,0.000,0,,0,0,same,35230+78259,J0,One NCBI Gene id (NCBI:4511) under two PrimeKG names: TRNC / MT-TC,J0: same id
156,35231+78250,112120,NCBIGene:4558,TRNF,gene,backfill: one CURIE hint for all members,every member carries the same PrimeKG id NCBI:4558,35231,NCBI:4558,gene/protein,TRNF,NCBI:4558,NCBIGene:4558,yes,4,disease_protein 4,,,0,,0,0,same,35231+78250,J0,One NCBI Gene id (NCBI:4558) under two PrimeKG names: TRNF / MT-TF,name the entity carries
156,35231+78250,112120,NCBIGene:4558,TRNF,gene,backfill: one CURIE hint for all members,every member carries the same PrimeKG id NCBI:4558,78250,NCBI:4558,gene/protein,MT-TF,NCBI:4558,NCBIGene:4558,,80,anatomy_protein_present 76; exposure_protein 4,0,0.000,0,,0,0,same,35231+78250,J0,One NCBI Gene id (NCBI:4558) under two PrimeKG names: TRNF / MT-TF,J0: same id
157,35232+78266,112121,NCBI:4564,TRNH,gene,backfill: one CURIE hint for all members,every member carries the same PrimeKG id NCBI:4564,35232,NCBI:4564,gene/protein,TRNH,NCBI:4564,NCBIGene:4564,yes,4,disease_protein 4,,,0,,0,0,same,35232+78266,J0,One NCBI Gene id (NCBI:4564) under two PrimeKG names: TRNH / MT-TH,name the entity carries
157,35232+78266,112121,NCBI:4564,TRNH,gene,backfill: one CURIE hint for all members,every member carries the same PrimeKG id NCBI:4564,78266,NCBI:4564,gene/protein,MT-TH,NCBI:4564,NCBIGene:4564,,78,anatomy_protein_present 78,0,0.000,0,,0,0,same,35232+78266,J0,One NCBI Gene id (NCBI:4564) under two PrimeKG names: TRNH / MT-TH,J0: same id
158,35233+78263,112122,NCBIGene:4566,TRNK,gene,backfill: one CURIE hint for all members,every member carries the same PrimeKG id NCBI:4566,35233,NCBI:4566,gene/protein,TRNK,NCBI:4566,NCBIGene:4566,yes,8,disease_protein 8,,,0,,0,0,same,35233+78263,J0,One NCBI Gene id (NCBI:4566) under two PrimeKG names: TRNK / MT-TK,name the entity carries
158,35233+78263,112122,NCBIGene:4566,TRNK,gene,backfill: one CURIE hint for all members,every member carries the same PrimeKG id NCBI:4566,78263,NCBI:4566,gene/protein,MT-TK,NCBI:4566,NCBIGene:4566,,78,anatomy_protein_present 78,0,0.000,0,,0,0,same,35233+78263,J0,One NCBI Gene id (NCBI:4566) under two PrimeKG names: TRNK / MT-TK,J0: same id
159,35234+78254,112123,NCBIGene:4572,TRNQ,gene,backfill: one CURIE hint for all members,every member carries the same PrimeKG id NCBI:4572,35234,NCBI:4572,gene/protein,TRNQ,NCBI:4572,NCBIGene:4572,yes,4,disease_protein 4,,,0,,0,0,same,35234+78254,J0,One NCBI Gene id (NCBI:4572) under two PrimeKG names: TRNQ / MT-TQ,name the entity carries
159,35234+78254,112123,NCBIGene:4572,TRNQ,gene,backfill: one CURIE hint for all members,every member carries the same PrimeKG id NCBI:4572,78254,NCBI:4572,gene/protein,MT-TQ,NCBI:4572,NCBIGene:4572,,76,anatomy_protein_present 76,0,0.000,0,,0,0,same,35234+78254,J0,One NCBI Gene id (NCBI:4572) under two PrimeKG names: TRNQ / MT-TQ,J0: same id
160,35235+78251,112124,NCBIGene:4577,TRNV,gene,backfill: one CURIE hint for all members,every member carries the same PrimeKG id NCBI:4577,35235,NCBI:4577,gene/protein,TRNV,NCBI:4577,NCBIGene:4577,yes,4,disease_protein 4,,,0,,0,0,same,35235+78251,J0,One NCBI Gene id (NCBI:4577) under two PrimeKG names: TRNV / MT-TV,name the entity carries
160,35235+78251,112124,NCBIGene:4577,TRNV,gene,backfill: one CURIE hint for all members,every member carries the same PrimeKG id NCBI:4577,78251,NCBI:4577,gene/protein,MT-TV,NCBI:4577,NCBIGene:4577,,78,anatomy_protein_present 78,0,0.000,0,,0,0,same,35235+78251,J0,One NCBI Gene id (NCBI:4577) under two PrimeKG names: TRNV / MT-TV,J0: same id
161,35236+78253,112125,NCBIGene:4565,TRNI,gene,backfill: one CURIE hint for all members,every member carries the same PrimeKG id NCBI:4565,35236,NCBI:4565,gene/protein,TRNI,NCBI:4565,NCBIGene:4565,yes,2,disease_protein 2,,,0,,0,0,same,35236+78253,J0,One NCBI Gene id (NCBI:4565) under two PrimeKG names: TRNI / MT-TI,name the entity carries
161,35236+78253,112125,NCBIGene:4565,TRNI,gene,backfill: one CURIE hint for all members,every member carries the same PrimeKG id NCBI:4565,78253,NCBI:4565,gene/protein,MT-TI,NCBI:4565,NCBIGene:4565,,70,anatomy_protein_present 70,0,0.000,0,,0,0,same,35236+78253,J0,One NCBI Gene id (NCBI:4565) under two PrimeKG names: TRNI / MT-TI,J0: same id
162,35237+78272,112126,NCBIGene:4571,TRNP,gene,backfill: one CURIE hint for all members,every member carries the same PrimeKG id NCBI:4571,35237,NCBI:4571,gene/protein,TRNP,NCBI:4571,NCBIGene:4571,yes,2,disease_protein 2,,,0,,0,0,same,35237+78272,J0,One NCBI Gene id (NCBI:4571) under two PrimeKG names: TRNP / MT-TP,name the entity carries
162,35237+78272,112126,NCBIGene:4571,TRNP,gene,backfill: one CURIE hint for all members,every member carries the same PrimeKG id NCBI:4571,78272,NCBI:4571,gene/protein,MT-TP,NCBI:4571,NCBIGene:4571,,78,anatomy_protein_present 78,0,0.000,0,,0,0,same,35237+78272,J0,One NCBI Gene id (NCBI:4571) under two PrimeKG names: TRNP / MT-TP,J0: same id
163,35238+78269,112127,NCBI:4568,TRNL2,gene,backfill: one CURIE hint for all members,every member carries the same PrimeKG id NCBI:4568,35238,NCBI:4568,gene/protein,TRNL2,NCBI:4568,NCBIGene:4568,yes,6,disease_protein 6,,,0,,0,0,same,35238+78269,J0,One NCBI Gene id (NCBI:4568) under two PrimeKG names: TRNL2 / MT-TL2,name the entity carries
163,35238+78269,112127,NCBI:4568,TRNL2,gene,backfill: one CURIE hint for all members,every member carries the same PrimeKG id NCBI:4568,78269,NCBI:4568,gene/protein,MT-TL2,NCBI:4568,NCBIGene:4568,,56,anatomy_protein_present 56,0,0.000,0,,0,0,same,35238+78269,J0,One NCBI Gene id (NCBI:4568) under two PrimeKG names: TRNL2 / MT-TL2,J0: same id
164,35255+78270,112206,NCBI:4556,TRNE,gene,backfill: one CURIE hint for all members,every member carries the same PrimeKG id NCBI:4556,35255,NCBI:4556,gene/protein,TRNE,NCBI:4556,NCBIGene:4556,yes,6,disease_protein 6,,,0,,0,0,same,35255+78270,J0,One NCBI Gene id (NCBI:4556) under two PrimeKG names: TRNE / MT-TE,name the entity carries
164,35255+78270,112206,NCBI:4556,TRNE,gene,backfill: one CURIE hint for all members,every member carries the same PrimeKG id NCBI:4556,78270,NCBI:4556,gene/protein,MT-TE,NCBI:4556,NCBIGene:4556,,78,anatomy_protein_present 78,0,0.000,0,,0,0,same,35255+78270,J0,One NCBI Gene id (NCBI:4556) under two PrimeKG names: TRNE / MT-TE,J0: same id
165,35257+78271,112209,NCBI:4576,TRNT,gene,backfill: one CURIE hint for all members,every member carries the same PrimeKG id NCBI:4576,35257,NCBI:4576,gene/protein,TRNT,NCBI:4576,NCBIGene:4576,yes,4,disease_protein 4,,,0,,0,0,same,35257+78271,J0,One NCBI Gene id (NCBI:4576) under two PrimeKG names: TRNT / MT-TT,name the entity carries
165,35257+78271,112209,NCBI:4576,TRNT,gene,backfill: one CURIE hint for all members,every member carries the same PrimeKG id NCBI:4576,78271,NCBI:4576,gene/protein,MT-TT,NCBI:4576,NCBIGene:4576,,78,anatomy_protein_present 78,0,0.000,0,,0,0,same,35257+78271,J0,One NCBI Gene id (NCBI:4576) under two PrimeKG names: TRNT / MT-TT,J0: same id
166,128266+128330,169000,REACTOME:R-HSA-3656244,Defective B4GALT1 causes B4GALT1-CDG (CDG-2d),pathway,apply_canonical_entity_merges pass 2: name match,"same name, same domain; Node Normalizer knows none of REACTOME:R-HSA-3656244, REACTOME:R-HSA-4793953",128266,REACTOME:R-HSA-3656244,pathway,Defective B4GALT1 causes B4GALT1-CDG (CDG-2d),REACTOME:R-HSA-3656244,,yes,18,pathway_protein 16; pathway_pathway 2,,,2,pathway_protein 2,2,0,distinct,128266 | 128330,evidence,Different Reactome pathways that shared a name: R-HSA-3656244: disease congenital disorder of glycosylation type II; normal pathway Keratan sulfate/keratin metabolism; 3 events; vs R-HSA-4793953: disease congenital disorder of glycosylation type II; normal pathway Asparagine N-linked glycosylation; event R-HSA-4793956; PrimeKG proteins 8 vs 1,pathway
166,128266+128330,169000,REACTOME:R-HSA-3656244,Defective B4GALT1 causes B4GALT1-CDG (CDG-2d),pathway,apply_canonical_entity_merges pass 2: name match,"same name, same domain; Node Normalizer knows none of REACTOME:R-HSA-3656244, REACTOME:R-HSA-4793953",128330,REACTOME:R-HSA-4793953,pathway,Defective B4GALT1 causes B4GALT1-CDG (CDG-2d),REACTOME:R-HSA-4793953,,,4,pathway_pathway 2; pathway_protein 2,1,0.100,2,pathway_protein 2,2,0,distinct,128266 | 128330,evidence,Different Reactome pathways that shared a name: R-HSA-3656244: disease congenital disorder of glycosylation type II; normal pathway Keratan sulfate/keratin metabolism; 3 events; vs R-HSA-4793953: disease congenital disorder of glycosylation type II; normal pathway Asparagine N-linked glycosylation; event R-HSA-4793956; PrimeKG proteins 8 vs 1,evidence: different events
167,128636+128776,169493,REACTOME:R-HSA-5683678,Defective ABCA3 causes SMDP3,pathway,apply_canonical_entity_merges pass 2: name match,"same name, same domain; Node Normalizer knows none of REACTOME:R-HSA-5683678, REACTOME:R-HSA-5688399",128636,REACTOME:R-HSA-5683678,pathway,Defective ABCA3 causes SMDP3,REACTOME:R-HSA-5683678,,yes,4,pathway_pathway 2; pathway_protein 2,,,2,pathway_protein 2,2,0,distinct,128636 | 128776,evidence,"Different Reactome pathways that shared a name: R-HSA-5683678: disease newborn respiratory distress syndrome; normal pathway ABC-family protein mediated transport; event R-HSA-5683672; vs R-HSA-5688399: disease interstitial lung disease, newborn respiratory distress syndrome; normal pathway Surfactant metabolism; event R-HSA-5688397; different PrimeKG parents",pathway
167,128636+128776,169493,REACTOME:R-HSA-5683678,Defective ABCA3 causes SMDP3,pathway,apply_canonical_entity_merges pass 2: name match,"same name, same domain; Node Normalizer knows none of REACTOME:R-HSA-5683678, REACTOME:R-HSA-5688399",128776,REACTOME:R-HSA-5688399,pathway,Defective ABCA3 causes SMDP3,REACTOME:R-HSA-5688399,,,4,pathway_pathway 2; pathway_protein 2,1,0.333,2,pathway_protein 2,2,0,distinct,128636 | 128776,evidence,"Different Reactome pathways that shared a name: R-HSA-5683678: disease newborn respiratory distress syndrome; normal pathway ABC-family protein mediated transport; event R-HSA-5683672; vs R-HSA-5688399: disease interstitial lung disease, newborn respiratory distress syndrome; normal pathway Surfactant metabolism; event R-HSA-5688397; different PrimeKG parents",evidence: different events
168,128641+128707,169498,REACTOME:R-HSA-5619037,Defective SLC35A1 causes congenital disorder of glycosylation 2F (CDG2F),pathway,apply_canonical_entity_merges pass 2: name match,"same name, same domain; Node Normalizer knows none of REACTOME:R-HSA-5619037, REACTOME:R-HSA-5663020",128641,REACTOME:R-HSA-5619037,pathway,Defective SLC35A1 causes congenital disorder of glycosylation 2F (CDG2F),REACTOME:R-HSA-5619037,,yes,4,pathway_pathway 2; pathway_protein 2,,,4,pathway_pathway 2; pathway_protein 2,4,0,distinct,128641 | 128707,J9,"Joined only by name; in PrimeKG both have the same parent and protein. R-HSA-5619037: disease congenital disorder of glycosylation type II; normal pathway Transport of vitamins, nucleosides, and related molecules; event R-HSA-5651942; vs R-HSA-5663020: disease congenital disorder of glycosylation type II; normal pathway Sialic acid metabolism; event R-HSA-5651942; Reactome now names them apart",pathway
168,128641+128707,169498,REACTOME:R-HSA-5619037,Defective SLC35A1 causes congenital disorder of glycosylation 2F (CDG2F),pathway,apply_canonical_entity_merges pass 2: name match,"same name, same domain; Node Normalizer knows none of REACTOME:R-HSA-5619037, REACTOME:R-HSA-5663020",128707,REACTOME:R-HSA-5663020,pathway,Defective SLC35A1 causes congenital disorder of glycosylation 2F (CDG2F),REACTOME:R-HSA-5663020,,,4,pathway_pathway 2; pathway_protein 2,2,1.000,4,pathway_pathway 2; pathway_protein 2,4,0,distinct,128641 | 128707,J9,"Joined only by name; in PrimeKG both have the same parent and protein. R-HSA-5619037: disease congenital disorder of glycosylation type II; normal pathway Transport of vitamins, nucleosides, and related molecules; event R-HSA-5651942; vs R-HSA-5663020: disease congenital disorder of glycosylation type II; normal pathway Sialic acid metabolism; event R-HSA-5651942; Reactome now names them apart",J9: name-only match
169,128647+128702,169504,REACTOME:R-HSA-5619044,Defective SLC6A19 causes Hartnup disorder (HND),pathway,apply_canonical_entity_merges pass 2: name match,"same name, same domain; Node Normalizer knows none of REACTOME:R-HSA-5619044, REACTOME:R-HSA-5659735",128647,REACTOME:R-HSA-5619044,pathway,Defective SLC6A19 causes Hartnup disorder (HND),REACTOME:R-HSA-5619044,,yes,4,pathway_pathway 2; pathway_protein 2,,,4,pathway_pathway 2; pathway_protein 2,4,0,distinct,128647 | 128702,J9,Joined only by name; in PrimeKG both have the same parent and protein. R-HSA-5619044: disease Hartnup disease; normal pathway SLC-mediated transport of neurotransmitters; event R-HSA-5659734; vs R-HSA-5659735: disease Hartnup disease; normal pathway SLC-mediated transport of amino acids; event R-HSA-5659734; Reactome now names them apart,pathway
169,128647+128702,169504,REACTOME:R-HSA-5619044,Defective SLC6A19 causes Hartnup disorder (HND),pathway,apply_canonical_entity_merges pass 2: name match,"same name, same domain; Node Normalizer knows none of REACTOME:R-HSA-5619044, REACTOME:R-HSA-5659735",128702,REACTOME:R-HSA-5659735,pathway,Defective SLC6A19 causes Hartnup disorder (HND),REACTOME:R-HSA-5659735,,,4,pathway_pathway 2; pathway_protein 2,2,1.000,4,pathway_pathway 2; pathway_protein 2,4,0,distinct,128647 | 128702,J9,Joined only by name; in PrimeKG both have the same parent and protein. R-HSA-5619044: disease Hartnup disease; normal pathway SLC-mediated transport of neurotransmitters; event R-HSA-5659734; vs R-HSA-5659735: disease Hartnup disease; normal pathway SLC-mediated transport of amino acids; event R-HSA-5659734; Reactome now names them apart,J9: name-only match
170,128674+128701,169531,REACTOME:R-HSA-5619079,Defective SLC6A18 may confer susceptibility to iminoglycinuria and/or hyperglycinuria,pathway,apply_canonical_entity_merges pass 2: name match,"same name, same domain; Node Normalizer knows none of REACTOME:R-HSA-5619079, REACTOME:R-HSA-5659729",128674,REACTOME:R-HSA-5619079,pathway,Defective SLC6A18 may confer susceptibility to iminoglycinuria and/or hyperglycinuria,REACTOME:R-HSA-5619079,,yes,4,pathway_pathway 2; pathway_protein 2,,,4,pathway_pathway 2; pathway_protein 2,4,0,distinct,128674 | 128701,J9,Joined only by name; in PrimeKG both have the same parent and protein. R-HSA-5619079: not in Reactome now (HTTP Error 404: Not Found); vs R-HSA-5659729: not in Reactome now (HTTP Error 404: Not Found),pathway
170,128674+128701,169531,REACTOME:R-HSA-5619079,Defective SLC6A18 may confer susceptibility to iminoglycinuria and/or hyperglycinuria,pathway,apply_canonical_entity_merges pass 2: name match,"same name, same domain; Node Normalizer knows none of REACTOME:R-HSA-5619079, REACTOME:R-HSA-5659729",128701,REACTOME:R-HSA-5659729,pathway,Defective SLC6A18 may confer susceptibility to iminoglycinuria and/or hyperglycinuria,REACTOME:R-HSA-5659729,,,4,pathway_pathway 2; pathway_protein 2,2,1.000,4,pathway_pathway 2; pathway_protein 2,4,0,distinct,128674 | 128701,J9,Joined only by name; in PrimeKG both have the same parent and protein. R-HSA-5619079: not in Reactome now (HTTP Error 404: Not Found); vs R-HSA-5659729: not in Reactome now (HTTP Error 404: Not Found),J9: name-only match
171,128675+128704,169532,REACTOME:R-HSA-5619081,Defective SLC6A3 causes Parkinsonism-dystonia infantile (PKDYS),pathway,apply_canonical_entity_merges pass 2: name match,"same name, same domain; Node Normalizer knows none of REACTOME:R-HSA-5619081, REACTOME:R-HSA-5660724",128675,REACTOME:R-HSA-5619081,pathway,Defective SLC6A3 causes Parkinsonism-dystonia infantile (PKDYS),REACTOME:R-HSA-5619081,,yes,4,pathway_pathway 2; pathway_protein 2,,,4,pathway_pathway 2; pathway_protein 2,4,0,distinct,128675 | 128704,J9,Joined only by name; in PrimeKG both have the same parent and protein. R-HSA-5619081: disease neurodegenerative disease; normal pathway Neurotransmitter clearance; event R-HSA-5660706; vs R-HSA-5660724: disease neurodegenerative disease; normal pathway SLC-mediated transport of neurotransmitters; event R-HSA-5660706; Reactome now names them apart,pathway
171,128675+128704,169532,REACTOME:R-HSA-5619081,Defective SLC6A3 causes Parkinsonism-dystonia infantile (PKDYS),pathway,apply_canonical_entity_merges pass 2: name match,"same name, same domain; Node Normalizer knows none of REACTOME:R-HSA-5619081, REACTOME:R-HSA-5660724",128704,REACTOME:R-HSA-5660724,pathway,Defective SLC6A3 causes Parkinsonism-dystonia infantile (PKDYS),REACTOME:R-HSA-5660724,,,4,pathway_pathway 2; pathway_protein 2,2,1.000,4,pathway_pathway 2; pathway_protein 2,4,0,distinct,128675 | 128704,J9,Joined only by name; in PrimeKG both have the same parent and protein. R-HSA-5619081: disease neurodegenerative disease; normal pathway Neurotransmitter clearance; event R-HSA-5660706; vs R-HSA-5660724: disease neurodegenerative disease; normal pathway SLC-mediated transport of neurotransmitters; event R-HSA-5660706; Reactome now names them apart,J9: name-only match
172,128688+128703,169545,REACTOME:R-HSA-5619101,Variant SLC6A20 contributes towards hyperglycinuria (HG) and iminoglycinuria (IG),pathway,apply_canonical_entity_merges pass 2: name match,"same name, same domain; Node Normalizer knows none of REACTOME:R-HSA-5619101, REACTOME:R-HSA-5660686",128688,REACTOME:R-HSA-5619101,pathway,Variant SLC6A20 contributes towards hyperglycinuria (HG) and iminoglycinuria (IG),REACTOME:R-HSA-5619101,,yes,4,pathway_pathway 2; pathway_protein 2,,,4,pathway_pathway 2; pathway_protein 2,4,0,distinct,128688 | 128703,J9,Joined only by name; in PrimeKG both have the same parent and protein. R-HSA-5619101: disease amino acid metabolic disorder; normal pathway SLC-mediated transport of neurotransmitters; event R-HSA-5660694; vs R-HSA-5660686: disease amino acid metabolic disorder; normal pathway SLC-mediated transport of amino acids; event R-HSA-5660694; Reactome now names them apart,pathway
172,128688+128703,169545,REACTOME:R-HSA-5619101,Variant SLC6A20 contributes towards hyperglycinuria (HG) and iminoglycinuria (IG),pathway,apply_canonical_entity_merges pass 2: name match,"same name, same domain; Node Normalizer knows none of REACTOME:R-HSA-5619101, REACTOME:R-HSA-5660686",128703,REACTOME:R-HSA-5660686,pathway,Variant SLC6A20 contributes towards hyperglycinuria (HG) and iminoglycinuria (IG),REACTOME:R-HSA-5660686,,,4,pathway_pathway 2; pathway_protein 2,2,1.000,4,pathway_pathway 2; pathway_protein 2,4,0,distinct,128688 | 128703,J9,Joined only by name; in PrimeKG both have the same parent and protein. R-HSA-5619101: disease amino acid metabolic disorder; normal pathway SLC-mediated transport of neurotransmitters; event R-HSA-5660694; vs R-HSA-5660686: disease amino acid metabolic disorder; normal pathway SLC-mediated transport of amino acids; event R-HSA-5660694; Reactome now names them apart,J9: name-only match
173,128696+128700,169553,REACTOME:R-HSA-5619114,Defective SLC5A7 causes distal hereditary motor neuronopathy 7A (HMN7A),pathway,apply_canonical_entity_merges pass 2: name match,"same name, same domain; Node Normalizer knows none of REACTOME:R-HSA-5619114, REACTOME:R-HSA-5658471",128696,REACTOME:R-HSA-5619114,pathway,Defective SLC5A7 causes distal hereditary motor neuronopathy 7A (HMN7A),REACTOME:R-HSA-5619114,,yes,4,pathway_pathway 2; pathway_protein 2,,,4,pathway_pathway 2; pathway_protein 2,4,0,distinct,128696 | 128700,J9,Joined only by name; in PrimeKG both have the same parent and protein. R-HSA-5619114: disease motor peripheral neuropathy; normal pathway Neurotransmitter release cycle; event R-HSA-5658483; vs R-HSA-5658471: disease motor peripheral neuropathy; normal pathway SLC-mediated transport of organic anions; event R-HSA-5658483; Reactome now names them apart,pathway
173,128696+128700,169553,REACTOME:R-HSA-5619114,Defective SLC5A7 causes distal hereditary motor neuronopathy 7A (HMN7A),pathway,apply_canonical_entity_merges pass 2: name match,"same name, same domain; Node Normalizer knows none of REACTOME:R-HSA-5619114, REACTOME:R-HSA-5658471",128700,REACTOME:R-HSA-5658471,pathway,Defective SLC5A7 causes distal hereditary motor neuronopathy 7A (HMN7A),REACTOME:R-HSA-5658471,,,4,pathway_pathway 2; pathway_protein 2,2,1.000,4,pathway_pathway 2; pathway_protein 2,4,0,distinct,128696 | 128700,J9,Joined only by name; in PrimeKG both have the same parent and protein. R-HSA-5619114: disease motor peripheral neuropathy; normal pathway Neurotransmitter release cycle; event R-HSA-5658483; vs R-HSA-5658471: disease motor peripheral neuropathy; normal pathway SLC-mediated transport of organic anions; event R-HSA-5658483; Reactome now names them apart,J9: name-only match
174,63050+63058,170344,REACTOME:R-HSA-9679504,Translation of Replicase and Assembly of the Replication Transcription Complex,pathway,apply_canonical_entity_merges pass 2: name match,"same name, same domain; Node Normalizer knows none of REACTOME:R-HSA-9679504, REACTOME:R-HSA-9694676",63050,REACTOME:R-HSA-9679504,pathway,Translation of Replicase and Assembly of the Replication Transcription Complex,REACTOME:R-HSA-9679504,,yes,34,pathway_protein 28; pathway_pathway 6,,,30,pathway_protein 28; pathway_pathway 2,30,0,distinct,63050 | 63058,evidence,"The same name in two virus hierarchies, SARS-CoV-1 and SARS-CoV-2 (PrimeKG parents); R-HSA-9679504: disease severe acute respiratory syndrome; 8 events; vs R-HSA-9694676: disease COVID-19; 7 events; 0 event(s) shared",SARS-CoV-1
174,63050+63058,170344,REACTOME:R-HSA-9679504,Translation of Replicase and Assembly of the Replication Transcription Complex,pathway,apply_canonical_entity_merges pass 2: name match,"same name, same domain; Node Normalizer knows none of REACTOME:R-HSA-9679504, REACTOME:R-HSA-9694676",63058,REACTOME:R-HSA-9694676,pathway,Translation of Replicase and Assembly of the Replication Transcription Complex,REACTOME:R-HSA-9694676,,,34,pathway_protein 28; pathway_pathway 6,14,0.700,30,pathway_protein 28; pathway_pathway 2,30,0,distinct,63050 | 63058,evidence,"The same name in two virus hierarchies, SARS-CoV-1 and SARS-CoV-2 (PrimeKG parents); R-HSA-9679504: disease severe acute respiratory syndrome; 8 events; vs R-HSA-9694676: disease COVID-19; 7 events; 0 event(s) shared",evidence: SARS-CoV-2
175,129307+129322,170345,REACTOME:R-HSA-9679509,Virion Assembly and Release,pathway,apply_canonical_entity_merges pass 2: name match,"same name, same domain; Node Normalizer knows none of REACTOME:R-HSA-9679509, REACTOME:R-HSA-9694322",129307,REACTOME:R-HSA-9679509,pathway,Virion Assembly and Release,REACTOME:R-HSA-9679509,,yes,2,pathway_pathway 2,,,0,,0,0,distinct,129307 | 129322,evidence,"The same name in two virus hierarchies, SARS-CoV-1 and SARS-CoV-2 (PrimeKG parents); R-HSA-9679509: disease severe acute respiratory syndrome; 8 events; vs R-HSA-9694322: disease COVID-19; 8 events; 0 event(s) shared",SARS-CoV-1
175,129307+129322,170345,REACTOME:R-HSA-9679509,Virion Assembly and Release,pathway,apply_canonical_entity_merges pass 2: name match,"same name, same domain; Node Normalizer knows none of REACTOME:R-HSA-9679509, REACTOME:R-HSA-9694322",129322,REACTOME:R-HSA-9694322,pathway,Virion Assembly and Release,REACTOME:R-HSA-9694322,,,2,pathway_pathway 2,0,0.000,0,,0,0,distinct,129307 | 129322,evidence,"The same name in two virus hierarchies, SARS-CoV-1 and SARS-CoV-2 (PrimeKG parents); R-HSA-9679509: disease severe acute respiratory syndrome; 8 events; vs R-HSA-9694322: disease COVID-19; 8 events; 0 event(s) shared",evidence: SARS-CoV-2
176,63054+63057,170347,REACTOME:R-HSA-9683701,Translation of structural proteins,pathway,apply_canonical_entity_merges pass 2: name match,"same name, same domain; Node Normalizer knows none of REACTOME:R-HSA-9683701, REACTOME:R-HSA-9694635",63054,REACTOME:R-HSA-9683701,pathway,Translation of structural proteins,REACTOME:R-HSA-9683701,,yes,12,pathway_pathway 12,,,10,pathway_pathway 10,10,0,distinct,63054 | 63057,evidence,"The same name in two virus hierarchies, SARS-CoV-1 and SARS-CoV-2 (PrimeKG parents); R-HSA-9683701: disease severe acute respiratory syndrome; 10 events; vs R-HSA-9694635: disease COVID-19; 10 events; 0 event(s) shared",SARS-CoV-1
176,63054+63057,170347,REACTOME:R-HSA-9683701,Translation of structural proteins,pathway,apply_canonical_entity_merges pass 2: name match,"same name, same domain; Node Normalizer knows none of REACTOME:R-HSA-9683701, REACTOME:R-HSA-9694635",63057,REACTOME:R-HSA-9694635,pathway,Translation of structural proteins,REACTOME:R-HSA-9694635,,,12,pathway_pathway 12,0,0.000,10,pathway_pathway 10,10,0,distinct,63054 | 63057,evidence,"The same name in two virus hierarchies, SARS-CoV-1 and SARS-CoV-2 (PrimeKG parents); R-HSA-9683701: disease severe acute respiratory syndrome; 10 events; vs R-HSA-9694635: disease COVID-19; 10 events; 0 event(s) shared",evidence: SARS-CoV-2
177,129309+129330,170349,REACTOME:R-HSA-9684325,Maturation of replicase proteins,pathway,apply_canonical_entity_merges pass 2: name match,"same name, same domain; Node Normalizer knows none of REACTOME:R-HSA-9684325, REACTOME:R-HSA-9694301",129309,REACTOME:R-HSA-9684325,pathway,Maturation of replicase proteins,REACTOME:R-HSA-9684325,,yes,2,pathway_pathway 2,,,2,pathway_pathway 2,2,0,distinct,129309 | 129330,evidence,"The same name in two virus hierarchies, SARS-CoV-1 and SARS-CoV-2 (PrimeKG parents); R-HSA-9684325: disease severe acute respiratory syndrome; 14 events; vs R-HSA-9694301: disease COVID-19; 18 events; 0 event(s) shared",SARS-CoV-1
177,129309+129330,170349,REACTOME:R-HSA-9684325,Maturation of replicase proteins,pathway,apply_canonical_entity_merges pass 2: name match,"same name, same domain; Node Normalizer knows none of REACTOME:R-HSA-9684325, REACTOME:R-HSA-9694301",129330,REACTOME:R-HSA-9694301,pathway,Maturation of replicase proteins,REACTOME:R-HSA-9694301,,,2,pathway_pathway 2,0,0.000,2,pathway_pathway 2,2,0,distinct,129309 | 129330,evidence,"The same name in two virus hierarchies, SARS-CoV-1 and SARS-CoV-2 (PrimeKG parents); R-HSA-9684325: disease severe acute respiratory syndrome; 14 events; vs R-HSA-9694301: disease COVID-19; 18 events; 0 event(s) shared",evidence: SARS-CoV-2
178,129316+129327,170359,REACTOME:R-HSA-9683610,Maturation of nucleoprotein,pathway,apply_canonical_entity_merges pass 2: name match,"same name, same domain; Node Normalizer knows none of REACTOME:R-HSA-9683610, REACTOME:R-HSA-9694631",129316,REACTOME:R-HSA-9683610,pathway,Maturation of nucleoprotein,REACTOME:R-HSA-9683610,,yes,22,pathway_protein 20; pathway_pathway 2,,,22,pathway_protein 20; pathway_pathway 2,22,0,distinct,129316 | 129327,evidence,"The same name in two virus hierarchies, SARS-CoV-1 and SARS-CoV-2 (PrimeKG parents); R-HSA-9683610: disease severe acute respiratory syndrome; 9 events; vs R-HSA-9694631: disease COVID-19; 14 events; 1 event(s) shared",SARS-CoV-1
178,129316+129327,170359,REACTOME:R-HSA-9683610,Maturation of nucleoprotein,pathway,apply_canonical_entity_merges pass 2: name match,"same name, same domain; Node Normalizer knows none of REACTOME:R-HSA-9683610, REACTOME:R-HSA-9694631",129327,REACTOME:R-HSA-9694631,pathway,Maturation of nucleoprotein,REACTOME:R-HSA-9694631,,,22,pathway_protein 20; pathway_pathway 2,10,0.833,22,pathway_protein 20; pathway_pathway 2,22,0,distinct,129316 | 129327,evidence,"The same name in two virus hierarchies, SARS-CoV-1 and SARS-CoV-2 (PrimeKG parents); R-HSA-9683610: disease severe acute respiratory syndrome; 9 events; vs R-HSA-9694631: disease COVID-19; 14 events; 1 event(s) shared",evidence: SARS-CoV-2
179,129317+129326,170360,REACTOME:R-HSA-9683612,Maturation of protein M,pathway,apply_canonical_entity_merges pass 2: name match,"same name, same domain; Node Normalizer knows none of REACTOME:R-HSA-9683612, REACTOME:R-HSA-9694594",129317,REACTOME:R-HSA-9683612,pathway,Maturation of protein M,REACTOME:R-HSA-9683612,,yes,2,pathway_pathway 2,,,2,pathway_pathway 2,2,0,distinct,129317 | 129326,evidence,"The same name in two virus hierarchies, SARS-CoV-1 and SARS-CoV-2 (PrimeKG parents); R-HSA-9683612: disease severe acute respiratory syndrome; 3 events; vs R-HSA-9694594: disease COVID-19; 3 events; 0 event(s) shared",SARS-CoV-1
179,129317+129326,170360,REACTOME:R-HSA-9683612,Maturation of protein M,pathway,apply_canonical_entity_merges pass 2: name match,"same name, same domain; Node Normalizer knows none of REACTOME:R-HSA-9683612, REACTOME:R-HSA-9694594",129326,REACTOME:R-HSA-9694594,pathway,Maturation of protein M,REACTOME:R-HSA-9694594,,,2,pathway_pathway 2,0,0.000,2,pathway_pathway 2,2,0,distinct,129317 | 129326,evidence,"The same name in two virus hierarchies, SARS-CoV-1 and SARS-CoV-2 (PrimeKG parents); R-HSA-9683612: disease severe acute respiratory syndrome; 3 events; vs R-HSA-9694594: disease COVID-19; 3 events; 0 event(s) shared",evidence: SARS-CoV-2
180,129318+129328,170361,REACTOME:R-HSA-9683673,Maturation of protein 3a,pathway,apply_canonical_entity_merges pass 2: name match,"same name, same domain; Node Normalizer knows none of REACTOME:R-HSA-9683673, REACTOME:R-HSA-9694719",129318,REACTOME:R-HSA-9683673,pathway,Maturation of protein 3a,REACTOME:R-HSA-9683673,,yes,20,pathway_protein 18; pathway_pathway 2,,,20,pathway_protein 18; pathway_pathway 2,20,0,distinct,129318 | 129328,evidence,"The same name in two virus hierarchies, SARS-CoV-1 and SARS-CoV-2 (PrimeKG parents); R-HSA-9683673: disease severe acute respiratory syndrome; 7 events; vs R-HSA-9694719: disease COVID-19; 7 events; 0 event(s) shared",SARS-CoV-1
180,129318+129328,170361,REACTOME:R-HSA-9683673,Maturation of protein 3a,pathway,apply_canonical_entity_merges pass 2: name match,"same name, same domain; Node Normalizer knows none of REACTOME:R-HSA-9683673, REACTOME:R-HSA-9694719",129328,REACTOME:R-HSA-9694719,pathway,Maturation of protein 3a,REACTOME:R-HSA-9694719,,,20,pathway_protein 18; pathway_pathway 2,9,0.818,20,pathway_protein 18; pathway_pathway 2,20,0,distinct,129318 | 129328,evidence,"The same name in two virus hierarchies, SARS-CoV-1 and SARS-CoV-2 (PrimeKG parents); R-HSA-9683673: disease severe acute respiratory syndrome; 7 events; vs R-HSA-9694719: disease COVID-19; 7 events; 0 event(s) shared",evidence: SARS-CoV-2
181,129319+129324,170362,REACTOME:R-HSA-9683683,Maturation of protein E,pathway,apply_canonical_entity_merges pass 2: name match,"same name, same domain; Node Normalizer knows none of REACTOME:R-HSA-9683683, REACTOME:R-HSA-9694493",129319,REACTOME:R-HSA-9683683,pathway,Maturation of protein E,REACTOME:R-HSA-9683683,,yes,10,pathway_protein 8; pathway_pathway 2,,,10,pathway_protein 8; pathway_pathway 2,10,0,distinct,129319 | 129324,evidence,"The same name in two virus hierarchies, SARS-CoV-1 and SARS-CoV-2 (PrimeKG parents); R-HSA-9683683: disease severe acute respiratory syndrome; 5 events; vs R-HSA-9694493: disease COVID-19; 5 events; 0 event(s) shared",SARS-CoV-1
181,129319+129324,170362,REACTOME:R-HSA-9683683,Maturation of protein E,pathway,apply_canonical_entity_merges pass 2: name match,"same name, same domain; Node Normalizer knows none of REACTOME:R-HSA-9683683, REACTOME:R-HSA-9694493",129324,REACTOME:R-HSA-9694493,pathway,Maturation of protein E,REACTOME:R-HSA-9694493,,,10,pathway_protein 8; pathway_pathway 2,4,0.667,10,pathway_protein 8; pathway_pathway 2,10,0,distinct,129319 | 129324,evidence,"The same name in two virus hierarchies, SARS-CoV-1 and SARS-CoV-2 (PrimeKG parents); R-HSA-9683683: disease severe acute respiratory syndrome; 5 events; vs R-HSA-9694493: disease COVID-19; 5 events; 0 event(s) shared",evidence: SARS-CoV-2
182,129306+129323,170366,REACTOME:R-HSA-9694614,Attachment and Entry,pathway,apply_canonical_entity_merges pass 2: name match,"same name, same domain; Node Normalizer knows none of REACTOME:R-HSA-9678110, REACTOME:R-HSA-9694614",129306,REACTOME:R-HSA-9678110,pathway,Attachment and Entry,REACTOME:R-HSA-9678110,,yes,10,pathway_protein 8; pathway_pathway 2,,,8,pathway_protein 8,8,0,distinct,129306 | 129323,evidence,"The same name in two virus hierarchies, SARS-CoV-1 and SARS-CoV-2 (PrimeKG parents); R-HSA-9678110: disease severe acute respiratory syndrome; 11 events; vs R-HSA-9694614: disease COVID-19; 11 events; 2 event(s) shared",SARS-CoV-1
182,129306+129323,170366,REACTOME:R-HSA-9694614,Attachment and Entry,pathway,apply_canonical_entity_merges pass 2: name match,"same name, same domain; Node Normalizer knows none of REACTOME:R-HSA-9678110, REACTOME:R-HSA-9694614",129323,REACTOME:R-HSA-9694614,pathway,Attachment and Entry,REACTOME:R-HSA-9694614,,,12,pathway_protein 10; pathway_pathway 2,4,0.571,8,pathway_protein 8,8,0,distinct,129306 | 129323,evidence,"The same name in two virus hierarchies, SARS-CoV-1 and SARS-CoV-2 (PrimeKG parents); R-HSA-9678110: disease severe acute respiratory syndrome; 11 events; vs R-HSA-9694614: disease COVID-19; 11 events; 2 event(s) shared",evidence: SARS-CoV-2
183,129320+129325,170371,REACTOME:R-HSA-9694548,Maturation of spike protein,pathway,apply_canonical_entity_merges pass 2: name match,"same name, same domain; Node Normalizer knows none of REACTOME:R-HSA-9683686, REACTOME:R-HSA-9694548",129320,REACTOME:R-HSA-9683686,pathway,Maturation of spike protein,REACTOME:R-HSA-9683686,,yes,12,pathway_protein 10; pathway_pathway 2,,,12,pathway_protein 10; pathway_pathway 2,12,0,distinct,129320 | 129325,evidence,"The same name in two virus hierarchies, SARS-CoV-1 and SARS-CoV-2 (PrimeKG parents); R-HSA-9683686: disease severe acute respiratory syndrome; 8 events; vs R-HSA-9694548: disease COVID-19; 12 events; 1 event(s) shared",SARS-CoV-1
183,129320+129325,170371,REACTOME:R-HSA-9694548,Maturation of spike protein,pathway,apply_canonical_entity_merges pass 2: name match,"same name, same domain; Node Normalizer knows none of REACTOME:R-HSA-9683686, REACTOME:R-HSA-9694548",129325,REACTOME:R-HSA-9694548,pathway,Maturation of spike protein,REACTOME:R-HSA-9694548,,,60,pathway_protein 58; pathway_pathway 2,5,0.161,12,pathway_protein 10; pathway_pathway 2,12,0,distinct,129320 | 129325,evidence,"The same name in two virus hierarchies, SARS-CoV-1 and SARS-CoV-2 (PrimeKG parents); R-HSA-9683686: disease severe acute respiratory syndrome; 8 events; vs R-HSA-9694548: disease COVID-19; 12 events; 1 event(s) shared",evidence: SARS-CoV-2
